city,country,date,sunrise,sunset,temp,feels_like,pressure,humidity,clouds,visibility,wind_speed,wind_deg,latitude,longitude,description
Littoral Department,BJ,2025-04-04 11:44:49,2025-04-04 05:47:10,2025-04-04 17:59:02,31.99,38.99,1011,70,40,10000,4.63,230,6.365,2.418,partiellement nuageux
Porto Novo,BJ,2025-04-04 11:44:49,2025-04-04 05:46:22,2025-04-04 17:58:21,31.9,35.7,1011,56,51,10000,4.78,192,6.497,2.604,nuageux
Parakou,BJ,2025-04-04 11:44:50,2025-04-04 05:45:04,2025-04-04 17:59:26,39.43,39.48,1010,23,17,10000,0.28,16,9.337,2.63,peu nuageux
Abomey-Calavi,BJ,2025-04-04 11:44:50,2025-04-04 05:47:23,2025-04-04 17:59:19,31.92,38.92,1011,70,40,10000,4.63,230,6.449,2.356,partiellement nuageux
Djougou,BJ,2025-04-04 11:44:51,2025-04-04 05:48:46,2025-04-04 18:03:27,38.86,38.06,1010,21,42,10000,1.68,45,9.709,1.666,partiellement nuageux
Kétou,BJ,2025-04-04 11:44:51,2025-04-04 05:46:01,2025-04-04 17:58:44,35.83,39.51,1010,42,37,10000,1.68,192,7.363,2.6,partiellement nuageux
Ouagadougou,BF,2025-04-04 11:44:52,2025-04-04 06:00:26,2025-04-04 18:17:25,39.07,38.64,1010,22,0,10000,2.06,0,12.364,-1.538,ciel dégagé
Bobo-Dioulasso,BF,2025-04-04 11:44:52,2025-04-04 06:11:59,2025-04-04 18:27:56,38.5,37.32,1010,20,70,10000,2.38,126,11.177,-4.298,nuageux
Banfora,BF,2025-04-04 11:44:53,2025-04-04 06:14:06,2025-04-04 18:29:35,40.07,40.12,1010,22,42,10000,1.51,162,10.633,-4.767,partiellement nuageux
Dédougou,BF,2025-04-04 11:44:53,2025-04-04 06:08:06,2025-04-04 18:25:10,38.94,36.98,1010,16,99,10000,2.59,82,12.467,-3.467,couvert
Tenkodogo,BF,2025-04-04 11:44:53,2025-04-04 05:56:01,2025-04-04 18:12:29,38.5,37.08,1010,19,100,10000,2.71,115,11.78,-0.37,couvert
Koudougou,BF,2025-04-04 11:44:54,2025-04-04 06:03:48,2025-04-04 18:20:41,39.02,35.91,1010,9,98,10000,2.67,57,12.25,-2.367,couvert
Abidjan,CI,2025-04-04 11:44:54,2025-04-04 06:13:21,2025-04-04 18:24:21,30.98,37.55,1012,70,40,10000,4.63,230,5.309,-4.02,partiellement nuageux
Yamoussoukro,CI,2025-04-04 11:44:55,2025-04-04 06:17:45,2025-04-04 18:30:00,35.18,37.55,1011,40,16,10000,2.05,163,6.821,-5.277,peu nuageux
Bouaké,CI,2025-04-04 11:44:55,2025-04-04 06:16:22,2025-04-04 18:29:21,31.06,35.49,1011,62,20,10000,3.09,200,7.689,-5.022,peu nuageux
Daloa,CI,2025-04-04 11:44:55,2025-04-04 06:22:25,2025-04-04 18:34:43,35.6,37.72,1011,38,6,10000,1.41,172,6.877,-6.45,ciel dégagé
Korhogo,CI,2025-04-04 11:44:56,2025-04-04 06:18:04,2025-04-04 18:32:32,37.93,38.68,1011,28,24,10000,1.97,138,9.45,-5.633,peu nuageux
Man,CI,2025-04-04 11:44:56,2025-04-04 06:26:36,2025-04-04 18:39:22,35.03,37.27,1012,40,36,10000,1.76,173,7.412,-7.554,partiellement nuageux
Bissau,GW,2025-04-04 11:44:57,2025-04-04 06:56:52,2025-04-04 19:13:26,32.62,31.17,1012,27,98,10000,2.09,58,11.864,-15.598,couvert
Bamako,ML,2025-04-04 11:44:57,2025-04-04 06:26:09,2025-04-04 18:43:23,37.23,38.76,1010,32,62,8000,3.09,210,12.65,-8.0,nuageux
Gabú,GW,2025-04-04 11:44:57,2025-04-04 06:51:10,2025-04-04 19:08:06,38.11,35.54,1012,13,90,10000,2.5,46,12.283,-14.217,couvert
Bafatá,GW,2025-04-04 11:44:58,2025-04-04 06:53:21,2025-04-04 19:10:10,37.28,34.68,1012,13,91,10000,2.84,52,12.167,-14.75,couvert
Cacheu,GW,2025-04-04 11:41:57,2025-04-04 06:58:58,2025-04-04 19:15:53,35.74,33.23,1012,14,89,10000,4.22,38,12.271,-16.166,couvert
Bolama,GW,2025-04-04 11:44:59,2025-04-04 06:56:28,2025-04-04 19:12:47,30.14,29.52,1012,37,100,10000,2.68,330,11.583,-15.467,couvert
Kayes,ML,2025-04-04 11:44:59,2025-04-04 06:39:05,2025-04-04 18:57:55,40.11,37.1,1010,10,100,10000,4.33,21,14.442,-11.434,couvert
Kidal,ML,2025-04-04 11:45:00,2025-04-04 05:45:55,2025-04-04 18:08:22,38.92,35.61,1012,7,18,10000,6.11,94,18.441,1.408,peu nuageux
Koulikoro,ML,2025-04-04 11:45:00,2025-04-04 06:24:17,2025-04-04 18:41:43,40.26,36.77,1010,7,55,10000,2.94,143,12.863,-7.56,nuageux
Mopti,ML,2025-04-04 11:45:01,2025-04-04 06:10:07,2025-04-04 18:28:59,39.03,37.3,1010,17,0,10000,2.06,200,14.493,-4.194,ciel dégagé
Ségou,ML,2025-04-04 11:45:01,2025-04-04 06:18:40,2025-04-04 18:36:36,40.65,37.44,1009,9,33,10000,4.8,150,13.432,-6.216,partiellement nuageux
Niamey,NE,2025-04-04 11:45:01,2025-04-04 05:45:21,2025-04-04 18:03:19,39.16,35.58,1010,4,0,10000,5.66,130,13.514,2.11,ciel dégagé
Zinder,NE,2025-04-04 11:45:02,2025-04-04 05:17:43,2025-04-04 17:35:56,36.98,33.9,1010,4,0,10000,3.09,50,13.807,8.988,ciel dégagé
Maradi,NE,2025-04-04 11:45:02,2025-04-04 05:25:23,2025-04-04 17:43:21,36.12,33.22,1010,5,0,10000,6.17,80,13.5,7.102,ciel dégagé
Agadez,NE,2025-04-04 11:45:02,2025-04-04 05:09:57,2025-04-04 17:33:37,34.89,32.26,1013,4,2,10000,4.04,29,19.75,10.25,ciel dégagé
Tahoua,NE,2025-04-04 11:45:03,2025-04-04 05:32:06,2025-04-04 17:51:18,37.99,34.76,1010,6,0,10000,4.63,60,14.889,5.269,ciel dégagé
Dosso,NE,2025-04-04 11:45:03,2025-04-04 05:41:13,2025-04-04 17:58:47,39.99,36.13,1010,3,99,10000,5.38,84,13.049,3.194,couvert
Dakar,SN,2025-04-04 11:45:03,2025-04-04 07:03:00,2025-04-04 19:22:04,22.07,22.24,1014,73,0,10000,8.23,350,14.694,-17.444,ciel dégagé
Saint-Louis,SN,2025-04-04 11:45:04,2025-04-04 06:58:35,2025-04-04 19:18:51,22.32,22.23,1014,62,49,10000,7.57,343,16.018,-16.49,partiellement nuageux
Thiès,SN,2025-04-04 11:45:04,2025-04-04 07:01:35,2025-04-04 19:20:47,26.36,26.36,1014,53,0,10000,10.29,10,14.834,-17.106,ciel dégagé
Kaolack,SN,2025-04-04 11:45:04,2025-04-04 06:58:28,2025-04-04 19:17:05,29.03,27.4,1013,15,88,10000,5.1,24,14.182,-16.253,couvert
Ziguinchor,SN,2025-04-04 11:45:05,2025-04-04 06:59:15,2025-04-04 19:16:27,29.11,29.56,1013,48,0,10000,4.12,40,12.583,-16.272,ciel dégagé
Tambacounda,SN,2025-04-04 11:45:05,2025-04-04 06:48:41,2025-04-04 19:06:55,35.03,33.62,1012,24,0,10000,3.09,20,13.754,-13.759,ciel dégagé
Lomé,TG,2025-04-04 11:45:06,2025-04-04 05:52:05,2025-04-04 18:03:46,32.09,37.91,1011,62,20,10000,5.66,230,6.138,1.212,peu nuageux
Sokodé,TG,2025-04-04 11:45:06,2025-04-04 05:51:12,2025-04-04 18:05:16,38.8,39.79,1010,27,39,10000,1.33,87,8.983,1.133,partiellement nuageux
Kara,TG,2025-04-04 11:45:06,2025-04-04 05:50:45,2025-04-04 18:05:18,33.03,31.41,1010,25,33,10000,1.57,38,9.551,1.186,partiellement nuageux
Atakpamé,TG,2025-04-04 11:45:07,2025-04-04 05:51:49,2025-04-04 18:04:40,35.6,36.83,1010,35,26,10000,2.25,155,7.533,1.133,partiellement nuageux
Kpalimé,TG,2025-04-04 11:45:07,2025-04-04 05:54:05,2025-04-04 18:06:24,33.85,36.81,1011,46,19,10000,1.78,163,6.9,0.633,peu nuageux
Tsévié,TG,2025-04-04 11:45:07,2025-04-04 05:51:57,2025-04-04 18:03:53,31.49,31.9,1010,42,52,10000,2.83,196,6.426,1.213,nuageux
Littoral Department,BJ,2025-04-04 11:55:25,2025-04-04 05:47:10,2025-04-04 17:59:02,31.99,38.99,1011,70,40,10000,4.63,230,6.365,2.418,partiellement nuageux
Porto Novo,BJ,2025-04-04 11:55:25,2025-04-04 05:46:22,2025-04-04 17:58:21,31.9,35.7,1011,56,51,10000,4.78,192,6.497,2.604,nuageux
Parakou,BJ,2025-04-04 11:55:25,2025-04-04 05:45:04,2025-04-04 17:59:26,39.43,39.48,1010,23,17,10000,0.28,16,9.337,2.63,peu nuageux
Abomey-Calavi,BJ,2025-04-04 11:55:26,2025-04-04 05:47:23,2025-04-04 17:59:19,31.92,38.92,1011,70,40,10000,4.63,230,6.449,2.356,partiellement nuageux
Djougou,BJ,2025-04-04 11:55:26,2025-04-04 05:48:46,2025-04-04 18:03:27,38.86,38.06,1010,21,42,10000,1.68,45,9.709,1.666,partiellement nuageux
Kétou,BJ,2025-04-04 11:55:27,2025-04-04 05:46:01,2025-04-04 17:58:44,35.83,39.51,1010,42,37,10000,1.68,192,7.363,2.6,partiellement nuageux
Ouagadougou,BF,2025-04-04 11:55:27,2025-04-04 06:00:26,2025-04-04 18:17:25,39.07,38.64,1010,22,0,10000,2.06,0,12.364,-1.538,ciel dégagé
Bobo-Dioulasso,BF,2025-04-04 11:55:27,2025-04-04 06:11:59,2025-04-04 18:27:56,38.5,37.32,1010,20,70,10000,2.38,126,11.177,-4.298,nuageux
Banfora,BF,2025-04-04 11:55:28,2025-04-04 06:14:06,2025-04-04 18:29:35,40.07,40.12,1010,22,42,10000,1.51,162,10.633,-4.767,partiellement nuageux
Dédougou,BF,2025-04-04 11:55:28,2025-04-04 06:08:06,2025-04-04 18:25:10,38.94,36.98,1010,16,99,10000,2.59,82,12.467,-3.467,couvert
Tenkodogo,BF,2025-04-04 11:55:29,2025-04-04 05:56:01,2025-04-04 18:12:29,38.5,37.08,1010,19,100,10000,2.71,115,11.78,-0.37,couvert
Koudougou,BF,2025-04-04 11:55:29,2025-04-04 06:03:48,2025-04-04 18:20:41,39.02,35.91,1010,9,98,10000,2.67,57,12.25,-2.367,couvert
Abidjan,CI,2025-04-04 11:55:29,2025-04-04 06:13:21,2025-04-04 18:24:21,30.98,37.55,1012,70,40,10000,4.63,230,5.309,-4.02,partiellement nuageux
Yamoussoukro,CI,2025-04-04 11:55:30,2025-04-04 06:17:45,2025-04-04 18:30:00,35.18,37.55,1011,40,16,10000,2.05,163,6.821,-5.277,peu nuageux
Bouaké,CI,2025-04-04 11:55:30,2025-04-04 06:16:22,2025-04-04 18:29:21,31.06,35.49,1011,62,20,10000,3.09,200,7.689,-5.022,peu nuageux
Daloa,CI,2025-04-04 11:55:30,2025-04-04 06:22:25,2025-04-04 18:34:43,35.6,37.72,1011,38,6,10000,1.41,172,6.877,-6.45,ciel dégagé
Korhogo,CI,2025-04-04 11:55:31,2025-04-04 06:18:04,2025-04-04 18:32:32,37.93,38.68,1011,28,24,10000,1.97,138,9.45,-5.633,peu nuageux
Man,CI,2025-04-04 11:55:31,2025-04-04 06:26:36,2025-04-04 18:39:22,35.03,37.27,1012,40,36,10000,1.76,173,7.412,-7.554,partiellement nuageux
Bissau,GW,2025-04-04 11:55:32,2025-04-04 06:56:52,2025-04-04 19:13:26,32.62,31.17,1012,27,98,10000,2.09,58,11.864,-15.598,couvert
Bamako,ML,2025-04-04 11:55:27,2025-04-04 06:26:09,2025-04-04 18:43:23,37.23,38.76,1010,32,62,8000,3.09,210,12.65,-8.0,nuageux
Gabú,GW,2025-04-04 11:55:32,2025-04-04 06:51:10,2025-04-04 19:08:06,38.11,35.54,1012,13,90,10000,2.5,46,12.283,-14.217,couvert
Bafatá,GW,2025-04-04 11:55:33,2025-04-04 06:53:21,2025-04-04 19:10:10,37.28,34.68,1012,13,91,10000,2.84,52,12.167,-14.75,couvert
Cacheu,GW,2025-04-04 11:55:33,2025-04-04 06:58:58,2025-04-04 19:15:53,35.74,33.23,1012,14,89,10000,4.22,38,12.271,-16.166,couvert
Bolama,GW,2025-04-04 11:55:33,2025-04-04 06:56:28,2025-04-04 19:12:47,30.14,29.52,1012,37,100,10000,2.68,330,11.583,-15.467,couvert
Kayes,ML,2025-04-04 11:55:34,2025-04-04 06:39:05,2025-04-04 18:57:55,40.11,37.1,1010,10,100,10000,4.33,21,14.442,-11.434,couvert
Kidal,ML,2025-04-04 11:55:34,2025-04-04 05:45:55,2025-04-04 18:08:22,38.92,35.61,1012,7,18,10000,6.11,94,18.441,1.408,peu nuageux
Koulikoro,ML,2025-04-04 11:55:35,2025-04-04 06:24:17,2025-04-04 18:41:43,40.26,36.77,1010,7,55,10000,2.94,143,12.863,-7.56,nuageux
Mopti,ML,2025-04-04 11:55:35,2025-04-04 06:10:07,2025-04-04 18:28:59,39.03,37.3,1010,17,0,10000,2.06,200,14.493,-4.194,ciel dégagé
Ségou,ML,2025-04-04 11:55:35,2025-04-04 06:18:40,2025-04-04 18:36:36,40.65,37.44,1009,9,33,10000,4.8,150,13.432,-6.216,partiellement nuageux
Niamey,NE,2025-04-04 11:55:36,2025-04-04 05:45:21,2025-04-04 18:03:19,39.16,35.58,1010,4,0,10000,5.66,130,13.514,2.11,ciel dégagé
Zinder,NE,2025-04-04 11:55:36,2025-04-04 05:17:43,2025-04-04 17:35:56,36.98,33.9,1010,4,0,10000,3.09,50,13.807,8.988,ciel dégagé
Maradi,NE,2025-04-04 11:55:37,2025-04-04 05:25:23,2025-04-04 17:43:21,36.12,33.22,1010,5,0,10000,6.17,80,13.5,7.102,ciel dégagé
Agadez,NE,2025-04-04 11:55:37,2025-04-04 05:09:57,2025-04-04 17:33:37,34.89,32.26,1013,4,2,10000,4.04,29,19.75,10.25,ciel dégagé
Tahoua,NE,2025-04-04 11:55:37,2025-04-04 05:32:06,2025-04-04 17:51:18,37.99,34.76,1010,6,0,10000,4.63,60,14.889,5.269,ciel dégagé
Dosso,NE,2025-04-04 11:55:38,2025-04-04 05:41:13,2025-04-04 17:58:47,39.99,36.13,1010,3,99,10000,5.38,84,13.049,3.194,couvert
Dakar,SN,2025-04-04 11:55:38,2025-04-04 07:03:00,2025-04-04 19:22:04,22.07,22.24,1014,73,0,10000,8.23,350,14.694,-17.444,ciel dégagé
Saint-Louis,SN,2025-04-04 11:55:38,2025-04-04 06:58:35,2025-04-04 19:18:51,22.32,22.23,1014,62,49,10000,7.57,343,16.018,-16.49,partiellement nuageux
Thiès,SN,2025-04-04 11:55:39,2025-04-04 07:01:35,2025-04-04 19:20:47,26.36,26.36,1014,53,0,10000,10.29,10,14.834,-17.106,ciel dégagé
Kaolack,SN,2025-04-04 11:55:39,2025-04-04 06:58:28,2025-04-04 19:17:05,29.03,27.4,1013,15,88,10000,5.1,24,14.182,-16.253,couvert
Ziguinchor,SN,2025-04-04 11:55:40,2025-04-04 06:59:15,2025-04-04 19:16:27,29.11,29.56,1013,48,0,10000,4.12,40,12.583,-16.272,ciel dégagé
Tambacounda,SN,2025-04-04 11:55:40,2025-04-04 06:48:41,2025-04-04 19:06:55,35.03,33.62,1012,24,0,10000,3.09,20,13.754,-13.759,ciel dégagé
Lomé,TG,2025-04-04 11:55:40,2025-04-04 05:52:05,2025-04-04 18:03:46,32.09,37.91,1011,62,20,10000,5.66,230,6.138,1.212,peu nuageux
Sokodé,TG,2025-04-04 11:55:41,2025-04-04 05:51:12,2025-04-04 18:05:16,38.8,39.79,1010,27,39,10000,1.33,87,8.983,1.133,partiellement nuageux
Kara,TG,2025-04-04 11:55:41,2025-04-04 05:50:45,2025-04-04 18:05:18,33.03,31.41,1010,25,33,10000,1.57,38,9.551,1.186,partiellement nuageux
Atakpamé,TG,2025-04-04 11:55:42,2025-04-04 05:51:49,2025-04-04 18:04:40,35.6,36.83,1010,35,26,10000,2.25,155,7.533,1.133,partiellement nuageux
Kpalimé,TG,2025-04-04 11:55:42,2025-04-04 05:54:05,2025-04-04 18:06:24,33.85,36.81,1011,46,19,10000,1.78,163,6.9,0.633,peu nuageux
Tsévié,TG,2025-04-04 11:55:43,2025-04-04 05:51:57,2025-04-04 18:03:53,31.49,31.9,1010,42,52,10000,2.83,196,6.426,1.213,nuageux
Littoral Department,BJ,2025-04-04 12:01:40,2025-04-04 05:47:10,2025-04-04 17:59:02,31.99,38.99,1011,70,40,10000,4.63,230,6.365,2.418,partiellement nuageux
Porto Novo,BJ,2025-04-04 12:00:31,2025-04-04 05:46:22,2025-04-04 17:58:21,31.9,35.7,1011,56,51,10000,4.78,192,6.497,2.604,nuageux
Parakou,BJ,2025-04-04 12:00:32,2025-04-04 05:45:04,2025-04-04 17:59:26,39.43,39.48,1010,23,17,10000,0.28,16,9.337,2.63,peu nuageux
Abomey-Calavi,BJ,2025-04-04 12:00:32,2025-04-04 05:47:23,2025-04-04 17:59:19,31.92,38.92,1011,70,40,10000,4.63,230,6.449,2.356,partiellement nuageux
Djougou,BJ,2025-04-04 12:00:32,2025-04-04 05:48:46,2025-04-04 18:03:27,38.86,38.06,1010,21,42,10000,1.68,45,9.709,1.666,partiellement nuageux
Kétou,BJ,2025-04-04 12:00:33,2025-04-04 05:46:01,2025-04-04 17:58:44,35.83,39.51,1010,42,37,10000,1.68,192,7.363,2.6,partiellement nuageux
Ouagadougou,BF,2025-04-04 12:00:33,2025-04-04 06:00:26,2025-04-04 18:17:25,39.07,38.64,1010,22,0,10000,2.06,0,12.364,-1.538,ciel dégagé
Bobo-Dioulasso,BF,2025-04-04 11:54:22,2025-04-04 06:11:58,2025-04-04 18:27:56,38.55,37.38,1010,20,70,10000,2.42,126,11.177,-4.298,nuageux
Banfora,BF,2025-04-04 12:00:34,2025-04-04 06:14:06,2025-04-04 18:29:35,40.07,40.12,1010,22,42,10000,1.51,162,10.633,-4.767,partiellement nuageux
Dédougou,BF,2025-04-04 12:00:34,2025-04-04 06:08:06,2025-04-04 18:25:10,38.94,36.98,1010,16,99,10000,2.59,82,12.467,-3.467,couvert
Tenkodogo,BF,2025-04-04 12:00:35,2025-04-04 05:56:01,2025-04-04 18:12:29,38.5,37.08,1010,19,100,10000,2.71,115,11.78,-0.37,couvert
Koudougou,BF,2025-04-04 12:00:35,2025-04-04 06:03:48,2025-04-04 18:20:41,39.02,35.91,1010,9,98,10000,2.67,57,12.25,-2.367,couvert
Abidjan,CI,2025-04-04 12:00:35,2025-04-04 06:13:21,2025-04-04 18:24:21,30.98,37.55,1012,70,40,10000,4.63,230,5.309,-4.02,partiellement nuageux
Yamoussoukro,CI,2025-04-04 12:00:36,2025-04-04 06:17:45,2025-04-04 18:30:00,35.18,37.55,1011,40,16,10000,2.05,163,6.821,-5.277,peu nuageux
Bouaké,CI,2025-04-04 12:00:36,2025-04-04 06:16:22,2025-04-04 18:29:21,31.06,35.49,1011,62,20,10000,3.09,200,7.689,-5.022,peu nuageux
Daloa,CI,2025-04-04 12:00:37,2025-04-04 06:22:25,2025-04-04 18:34:43,35.6,37.72,1011,38,6,10000,1.41,172,6.877,-6.45,ciel dégagé
Korhogo,CI,2025-04-04 12:00:37,2025-04-04 06:18:04,2025-04-04 18:32:32,37.93,38.68,1011,28,24,10000,1.97,138,9.45,-5.633,peu nuageux
Man,CI,2025-04-04 12:00:37,2025-04-04 06:26:36,2025-04-04 18:39:22,35.03,37.27,1012,40,36,10000,1.76,173,7.412,-7.554,partiellement nuageux
Bissau,GW,2025-04-04 12:00:38,2025-04-04 06:56:52,2025-04-04 19:13:26,32.62,31.17,1012,27,98,10000,2.09,58,11.864,-15.598,couvert
Bamako,ML,2025-04-04 11:50:05,2025-04-04 06:26:09,2025-04-04 18:43:23,37.23,38.76,1010,32,62,8000,3.09,210,12.65,-8.0,nuageux
Gabú,GW,2025-04-04 12:00:39,2025-04-04 06:51:10,2025-04-04 19:08:06,38.11,35.54,1012,13,90,10000,2.5,46,12.283,-14.217,couvert
Bafatá,GW,2025-04-04 12:00:39,2025-04-04 06:53:21,2025-04-04 19:10:10,37.28,34.68,1012,13,91,10000,2.84,52,12.167,-14.75,couvert
Cacheu,GW,2025-04-04 12:00:40,2025-04-04 06:58:58,2025-04-04 19:15:53,35.74,33.23,1012,14,89,10000,4.22,38,12.271,-16.166,couvert
Bolama,GW,2025-04-04 12:00:42,2025-04-04 06:56:28,2025-04-04 19:12:47,30.14,29.52,1012,37,100,10000,2.68,330,11.583,-15.467,couvert
Kayes,ML,2025-04-04 12:00:43,2025-04-04 06:39:05,2025-04-04 18:57:55,40.11,37.1,1010,10,100,10000,4.33,21,14.442,-11.434,couvert
Kidal,ML,2025-04-04 12:00:43,2025-04-04 05:45:55,2025-04-04 18:08:22,38.92,35.61,1012,7,18,10000,6.11,94,18.441,1.408,peu nuageux
Koulikoro,ML,2025-04-04 12:00:44,2025-04-04 06:24:17,2025-04-04 18:41:43,40.26,36.77,1010,7,55,10000,2.94,143,12.863,-7.56,nuageux
Mopti,ML,2025-04-04 12:00:44,2025-04-04 06:10:07,2025-04-04 18:28:59,39.03,37.3,1010,17,0,10000,2.06,200,14.493,-4.194,ciel dégagé
Ségou,ML,2025-04-04 12:00:45,2025-04-04 06:18:40,2025-04-04 18:36:36,40.65,37.44,1009,9,33,10000,4.8,150,13.432,-6.216,partiellement nuageux
Niamey,NE,2025-04-04 12:00:45,2025-04-04 05:45:21,2025-04-04 18:03:19,39.16,35.58,1010,4,0,10000,5.66,130,13.514,2.11,ciel dégagé
Zinder,NE,2025-04-04 12:00:45,2025-04-04 05:17:43,2025-04-04 17:35:56,36.98,33.9,1010,4,0,10000,3.09,50,13.807,8.988,ciel dégagé
Maradi,NE,2025-04-04 12:00:46,2025-04-04 05:25:23,2025-04-04 17:43:21,36.12,33.22,1010,5,0,10000,6.17,80,13.5,7.102,ciel dégagé
Agadez,NE,2025-04-04 12:00:46,2025-04-04 05:09:57,2025-04-04 17:33:37,34.89,32.26,1013,4,2,10000,4.04,29,19.75,10.25,ciel dégagé
Tahoua,NE,2025-04-04 12:00:47,2025-04-04 05:32:06,2025-04-04 17:51:18,37.99,34.76,1010,6,0,10000,4.63,60,14.889,5.269,ciel dégagé
Dosso,NE,2025-04-04 12:00:47,2025-04-04 05:41:13,2025-04-04 17:58:47,39.99,36.13,1010,3,99,10000,5.38,84,13.049,3.194,couvert
Dakar,SN,2025-04-04 12:00:48,2025-04-04 07:03:00,2025-04-04 19:22:04,22.07,22.24,1014,73,0,10000,8.23,350,14.694,-17.444,ciel dégagé
Saint-Louis,SN,2025-04-04 12:00:48,2025-04-04 06:58:35,2025-04-04 19:18:51,22.32,22.23,1014,62,49,10000,7.57,343,16.018,-16.49,partiellement nuageux
Thiès,SN,2025-04-04 12:00:49,2025-04-04 07:01:35,2025-04-04 19:20:47,26.36,26.36,1014,53,0,10000,10.29,10,14.834,-17.106,ciel dégagé
Kaolack,SN,2025-04-04 12:00:49,2025-04-04 06:58:28,2025-04-04 19:17:05,29.03,27.4,1013,15,88,10000,5.1,24,14.182,-16.253,couvert
Ziguinchor,SN,2025-04-04 12:00:52,2025-04-04 06:59:15,2025-04-04 19:16:27,29.11,29.56,1013,48,0,10000,4.12,40,12.583,-16.272,ciel dégagé
Tambacounda,SN,2025-04-04 12:00:53,2025-04-04 06:48:41,2025-04-04 19:06:55,35.03,33.62,1012,24,0,10000,3.09,20,13.754,-13.759,ciel dégagé
Lomé,TG,2025-04-04 12:00:56,2025-04-04 05:52:05,2025-04-04 18:03:46,32.09,37.91,1011,62,20,10000,5.66,230,6.138,1.212,peu nuageux
Sokodé,TG,2025-04-04 12:00:59,2025-04-04 05:51:12,2025-04-04 18:05:16,38.8,39.79,1010,27,39,10000,1.33,87,8.983,1.133,partiellement nuageux
Kara,TG,2025-04-04 12:01:00,2025-04-04 05:50:45,2025-04-04 18:05:18,33.03,31.41,1010,25,33,10000,1.57,38,9.551,1.186,partiellement nuageux
Atakpamé,TG,2025-04-04 12:01:00,2025-04-04 05:51:49,2025-04-04 18:04:40,35.6,36.83,1010,35,26,10000,2.25,155,7.533,1.133,partiellement nuageux
Kpalimé,TG,2025-04-04 12:01:01,2025-04-04 05:54:05,2025-04-04 18:06:24,33.85,36.81,1011,46,19,10000,1.78,163,6.9,0.633,peu nuageux
Tsévié,TG,2025-04-04 12:01:01,2025-04-04 05:51:57,2025-04-04 18:03:53,31.49,31.9,1010,42,52,10000,2.83,196,6.426,1.213,nuageux
Littoral Department,BJ,2025-04-04 12:01:40,2025-04-04 05:47:10,2025-04-04 17:59:02,31.99,38.99,1011,70,40,10000,4.63,230,6.365,2.418,partiellement nuageux
Porto Novo,BJ,2025-04-04 12:00:31,2025-04-04 05:46:22,2025-04-04 17:58:21,31.9,35.7,1011,56,51,10000,4.78,192,6.497,2.604,nuageux
Parakou,BJ,2025-04-04 12:00:32,2025-04-04 05:45:04,2025-04-04 17:59:26,39.43,39.48,1010,23,17,10000,0.28,16,9.337,2.63,peu nuageux
Abomey-Calavi,BJ,2025-04-04 12:00:32,2025-04-04 05:47:23,2025-04-04 17:59:19,31.92,38.92,1011,70,40,10000,4.63,230,6.449,2.356,partiellement nuageux
Djougou,BJ,2025-04-04 12:00:32,2025-04-04 05:48:46,2025-04-04 18:03:27,38.86,38.06,1010,21,42,10000,1.68,45,9.709,1.666,partiellement nuageux
Kétou,BJ,2025-04-04 12:00:33,2025-04-04 05:46:01,2025-04-04 17:58:44,35.83,39.51,1010,42,37,10000,1.68,192,7.363,2.6,partiellement nuageux
Ouagadougou,BF,2025-04-04 12:00:33,2025-04-04 06:00:26,2025-04-04 18:17:25,39.07,38.64,1010,22,0,10000,2.06,0,12.364,-1.538,ciel dégagé
Bobo-Dioulasso,BF,2025-04-04 12:06:44,2025-04-04 06:11:59,2025-04-04 18:27:56,38.5,37.32,1010,20,70,10000,2.38,126,11.177,-4.298,nuageux
Banfora,BF,2025-04-04 12:00:34,2025-04-04 06:14:06,2025-04-04 18:29:35,40.07,40.12,1010,22,42,10000,1.51,162,10.633,-4.767,partiellement nuageux
Dédougou,BF,2025-04-04 12:00:34,2025-04-04 06:08:06,2025-04-04 18:25:10,38.94,36.98,1010,16,99,10000,2.59,82,12.467,-3.467,couvert
Tenkodogo,BF,2025-04-04 12:00:35,2025-04-04 05:56:01,2025-04-04 18:12:29,38.5,37.08,1010,19,100,10000,2.71,115,11.78,-0.37,couvert
Koudougou,BF,2025-04-04 12:00:35,2025-04-04 06:03:48,2025-04-04 18:20:41,39.02,35.91,1010,9,98,10000,2.67,57,12.25,-2.367,couvert
Abidjan,CI,2025-04-04 12:00:35,2025-04-04 06:13:21,2025-04-04 18:24:21,30.98,37.55,1012,70,40,10000,4.63,230,5.309,-4.02,partiellement nuageux
Yamoussoukro,CI,2025-04-04 12:00:36,2025-04-04 06:17:45,2025-04-04 18:30:00,35.18,37.55,1011,40,16,10000,2.05,163,6.821,-5.277,peu nuageux
Bouaké,CI,2025-04-04 12:00:36,2025-04-04 06:16:22,2025-04-04 18:29:21,31.06,35.49,1011,62,20,10000,3.09,200,7.689,-5.022,peu nuageux
Daloa,CI,2025-04-04 12:00:37,2025-04-04 06:22:25,2025-04-04 18:34:43,35.6,37.72,1011,38,6,10000,1.41,172,6.877,-6.45,ciel dégagé
Korhogo,CI,2025-04-04 12:00:37,2025-04-04 06:18:04,2025-04-04 18:32:32,37.93,38.68,1011,28,24,10000,1.97,138,9.45,-5.633,peu nuageux
Man,CI,2025-04-04 12:00:37,2025-04-04 06:26:36,2025-04-04 18:39:22,35.03,37.27,1012,40,36,10000,1.76,173,7.412,-7.554,partiellement nuageux
Bissau,GW,2025-04-04 12:00:38,2025-04-04 06:56:52,2025-04-04 19:13:26,32.62,31.17,1012,27,98,10000,2.09,58,11.864,-15.598,couvert
Bamako,ML,2025-04-04 12:04:05,2025-04-04 06:26:09,2025-04-04 18:43:23,37.23,38.76,1010,32,62,8000,3.09,210,12.65,-8.0,nuageux
Gabú,GW,2025-04-04 12:00:39,2025-04-04 06:51:10,2025-04-04 19:08:06,38.11,35.54,1012,13,90,10000,2.5,46,12.283,-14.217,couvert
Bafatá,GW,2025-04-04 12:00:39,2025-04-04 06:53:21,2025-04-04 19:10:10,37.28,34.68,1012,13,91,10000,2.84,52,12.167,-14.75,couvert
Cacheu,GW,2025-04-04 12:00:40,2025-04-04 06:58:58,2025-04-04 19:15:53,35.74,33.23,1012,14,89,10000,4.22,38,12.271,-16.166,couvert
Bolama,GW,2025-04-04 12:00:42,2025-04-04 06:56:28,2025-04-04 19:12:47,30.14,29.52,1012,37,100,10000,2.68,330,11.583,-15.467,couvert
Kayes,ML,2025-04-04 12:00:43,2025-04-04 06:39:05,2025-04-04 18:57:55,40.11,37.1,1010,10,100,10000,4.33,21,14.442,-11.434,couvert
Kidal,ML,2025-04-04 12:00:43,2025-04-04 05:45:55,2025-04-04 18:08:22,38.92,35.61,1012,7,18,10000,6.11,94,18.441,1.408,peu nuageux
Koulikoro,ML,2025-04-04 12:00:44,2025-04-04 06:24:17,2025-04-04 18:41:43,40.26,36.77,1010,7,55,10000,2.94,143,12.863,-7.56,nuageux
Mopti,ML,2025-04-04 12:00:44,2025-04-04 06:10:07,2025-04-04 18:28:59,39.03,37.3,1010,17,0,10000,2.06,200,14.493,-4.194,ciel dégagé
Ségou,ML,2025-04-04 12:00:45,2025-04-04 06:18:40,2025-04-04 18:36:36,40.65,37.44,1009,9,33,10000,4.8,150,13.432,-6.216,partiellement nuageux
Niamey,NE,2025-04-04 12:00:45,2025-04-04 05:45:21,2025-04-04 18:03:19,39.16,35.58,1010,4,0,10000,5.66,130,13.514,2.11,ciel dégagé
Zinder,NE,2025-04-04 12:00:45,2025-04-04 05:17:43,2025-04-04 17:35:56,36.98,33.9,1010,4,0,10000,3.09,50,13.807,8.988,ciel dégagé
Maradi,NE,2025-04-04 12:00:46,2025-04-04 05:25:23,2025-04-04 17:43:21,36.12,33.22,1010,5,0,10000,6.17,80,13.5,7.102,ciel dégagé
Agadez,NE,2025-04-04 12:00:46,2025-04-04 05:09:57,2025-04-04 17:33:37,34.89,32.26,1013,4,2,10000,4.04,29,19.75,10.25,ciel dégagé
Tahoua,NE,2025-04-04 12:00:47,2025-04-04 05:32:06,2025-04-04 17:51:18,37.99,34.76,1010,6,0,10000,4.63,60,14.889,5.269,ciel dégagé
Dosso,NE,2025-04-04 12:00:47,2025-04-04 05:41:13,2025-04-04 17:58:47,39.99,36.13,1010,3,99,10000,5.38,84,13.049,3.194,couvert
Dakar,SN,2025-04-04 12:00:48,2025-04-04 07:03:00,2025-04-04 19:22:04,22.07,22.24,1014,73,0,10000,8.23,350,14.694,-17.444,ciel dégagé
Saint-Louis,SN,2025-04-04 12:00:48,2025-04-04 06:58:35,2025-04-04 19:18:51,22.32,22.23,1014,62,49,10000,7.57,343,16.018,-16.49,partiellement nuageux
Thiès,SN,2025-04-04 12:00:49,2025-04-04 07:01:35,2025-04-04 19:20:47,26.36,26.36,1014,53,0,10000,10.29,10,14.834,-17.106,ciel dégagé
Kaolack,SN,2025-04-04 12:00:49,2025-04-04 06:58:28,2025-04-04 19:17:05,29.03,27.4,1013,15,88,10000,5.1,24,14.182,-16.253,couvert
Ziguinchor,SN,2025-04-04 12:00:52,2025-04-04 06:59:15,2025-04-04 19:16:27,29.11,29.56,1013,48,0,10000,4.12,40,12.583,-16.272,ciel dégagé
Tambacounda,SN,2025-04-04 12:00:53,2025-04-04 06:48:41,2025-04-04 19:06:55,35.03,33.62,1012,24,0,10000,3.09,20,13.754,-13.759,ciel dégagé
Lomé,TG,2025-04-04 12:00:56,2025-04-04 05:52:05,2025-04-04 18:03:46,32.09,37.91,1011,62,20,10000,5.66,230,6.138,1.212,peu nuageux
Sokodé,TG,2025-04-04 12:00:59,2025-04-04 05:51:12,2025-04-04 18:05:16,38.8,39.79,1010,27,39,10000,1.33,87,8.983,1.133,partiellement nuageux
Kara,TG,2025-04-04 12:01:00,2025-04-04 05:50:45,2025-04-04 18:05:18,33.03,31.41,1010,25,33,10000,1.57,38,9.551,1.186,partiellement nuageux
Atakpamé,TG,2025-04-04 12:01:00,2025-04-04 05:51:49,2025-04-04 18:04:40,35.6,36.83,1010,35,26,10000,2.25,155,7.533,1.133,partiellement nuageux
Kpalimé,TG,2025-04-04 12:01:01,2025-04-04 05:54:05,2025-04-04 18:06:24,33.85,36.81,1011,46,19,10000,1.78,163,6.9,0.633,peu nuageux
Tsévié,TG,2025-04-04 12:01:01,2025-04-04 05:51:57,2025-04-04 18:03:53,31.49,31.9,1010,42,52,10000,2.83,196,6.426,1.213,nuageux
Littoral Department,BJ,2025-04-04 23:43:33,2025-04-05 05:46:42,2025-04-05 17:58:55,27.93,32.86,1010,86,49,10000,6.8,214,6.365,2.418,partiellement nuageux
Porto Novo,BJ,2025-04-04 23:43:34,2025-04-05 05:45:54,2025-04-05 17:58:14,27.61,31.96,1010,86,36,10000,4.8,214,6.497,2.604,partiellement nuageux
Parakou,BJ,2025-04-04 23:43:34,2025-04-05 05:44:31,2025-04-05 17:59:24,29.16,30.4,1009,54,41,10000,3.29,185,9.337,2.63,partiellement nuageux
Abomey-Calavi,BJ,2025-04-04 23:43:35,2025-04-05 05:46:54,2025-04-05 17:59:12,27.64,31.9,1010,85,45,10000,5.42,215,6.449,2.356,partiellement nuageux
Djougou,BJ,2025-04-04 23:43:36,2025-04-05 05:48:12,2025-04-05 18:03:25,28.9,28.18,1009,36,15,10000,2.27,189,9.709,1.666,peu nuageux
Kétou,BJ,2025-04-04 23:43:37,2025-04-05 05:45:31,2025-04-05 17:58:38,26.95,29.81,1010,82,8,10000,3.68,195,7.363,2.6,ciel dégagé
Ouagadougou,BF,2025-04-04 23:43:37,2025-04-04 06:00:26,2025-04-04 18:17:25,33.07,30.71,1009,14,0,10000,3.09,70,12.364,-1.538,ciel dégagé
Bobo-Dioulasso,BF,2025-04-04 23:43:39,2025-04-04 06:11:59,2025-04-04 18:27:56,28.18,29.37,1008,57,0,10000,0.51,0,11.177,-4.298,ciel dégagé
Banfora,BF,2025-04-04 23:43:39,2025-04-04 06:14:06,2025-04-04 18:29:35,32.22,30.64,1008,26,11,10000,0.42,99,10.633,-4.767,peu nuageux
Dédougou,BF,2025-04-04 23:43:40,2025-04-04 06:08:06,2025-04-04 18:25:10,32.12,29.96,1008,17,53,10000,2.75,53,12.467,-3.467,nuageux
Tenkodogo,BF,2025-04-04 23:43:41,2025-04-04 05:56:01,2025-04-04 18:12:29,31.98,29.78,1008,8,89,10000,3.85,69,11.78,-0.37,couvert
Koudougou,BF,2025-04-04 23:43:41,2025-04-04 06:03:48,2025-04-04 18:20:41,33.01,30.82,1008,18,98,10000,3.67,50,12.25,-2.367,couvert
Abidjan,CI,2025-04-04 23:43:42,2025-04-04 06:13:21,2025-04-04 18:24:21,27.98,33.51,1011,89,20,10000,3.6,240,5.309,-4.02,peu nuageux
Yamoussoukro,CI,2025-04-04 23:43:43,2025-04-04 06:17:45,2025-04-04 18:30:00,25.43,26.17,1011,82,95,10000,2.44,186,6.821,-5.277,couvert
Bouaké,CI,2025-04-04 23:35:27,2025-04-04 06:16:22,2025-04-04 18:29:21,29.06,32.86,1010,70,20,8000,3.09,200,7.689,-5.022,peu nuageux
Daloa,CI,2025-04-04 23:43:43,2025-04-04 06:22:25,2025-04-04 18:34:43,26.29,26.29,1011,75,83,10000,2.61,190,6.877,-6.45,nuageux
Korhogo,CI,2025-04-04 23:43:44,2025-04-04 06:18:04,2025-04-04 18:32:32,30.81,30.81,1009,41,53,10000,3.13,183,9.45,-5.633,nuageux
Man,CI,2025-04-04 23:43:44,2025-04-04 06:26:36,2025-04-04 18:39:22,25.37,25.87,1012,73,57,10000,1.13,227,7.412,-7.554,nuageux
Bissau,GW,2025-04-04 23:43:46,2025-04-04 06:56:52,2025-04-04 19:13:26,23.07,23.34,1011,73,53,8000,3.09,280,11.864,-15.598,nuageux
Bamako,ML,2025-04-04 23:39:12,2025-04-04 06:26:09,2025-04-04 18:43:23,30.23,29.61,1008,37,99,8000,1.03,0,12.65,-8.0,couvert
Gabú,GW,2025-04-04 23:43:47,2025-04-04 06:51:10,2025-04-04 19:08:06,26.2,26.2,1011,43,51,10000,3.41,209,12.283,-14.217,nuageux
Bafatá,GW,2025-04-04 23:43:50,2025-04-04 06:53:21,2025-04-04 19:10:10,26.31,26.31,1011,43,37,10000,2.59,231,12.167,-14.75,partiellement nuageux
Cacheu,GW,2025-04-04 23:43:53,2025-04-04 06:58:58,2025-04-04 19:15:53,23.08,22.91,1012,56,93,10000,3.59,311,12.271,-16.166,couvert
Bolama,GW,2025-04-04 23:43:55,2025-04-04 06:56:28,2025-04-04 19:12:47,24.5,24.65,1011,63,56,10000,4.66,292,11.583,-15.467,nuageux
Kayes,ML,2025-04-04 23:43:55,2025-04-04 06:39:05,2025-04-04 18:57:55,35.28,32.72,1008,13,95,10000,3.68,300,14.442,-11.434,couvert
Kidal,ML,2025-04-04 23:43:56,2025-04-04 05:45:55,2025-04-04 18:08:22,29.91,28.07,1011,11,33,10000,4.25,107,18.441,1.408,partiellement nuageux
Koulikoro,ML,2025-04-04 23:43:57,2025-04-04 06:24:17,2025-04-04 18:41:43,31.82,29.76,1008,19,98,10000,0.97,1,12.863,-7.56,couvert
Mopti,ML,2025-04-04 23:43:57,2025-04-04 06:10:07,2025-04-04 18:28:59,32.54,30.22,1008,9,84,10000,4.16,85,14.493,-4.194,nuageux
Ségou,ML,2025-04-04 23:43:57,2025-04-04 06:18:40,2025-04-04 18:36:36,33.43,31.04,1008,14,97,10000,2.34,121,13.432,-6.216,couvert
Niamey,NE,2025-04-04 23:43:58,2025-04-05 05:44:40,2025-04-05 18:03:24,31.16,29.11,1009,8,0,10000,1.54,30,13.514,2.11,ciel dégagé
Zinder,NE,2025-04-04 23:43:59,2025-04-05 05:17:02,2025-04-05 17:36:01,24.45,23.08,1010,5,50,10000,4.67,28,13.807,8.988,partiellement nuageux
Maradi,NE,2025-04-04 23:44:01,2025-04-05 05:24:43,2025-04-05 17:43:25,25.06,23.78,1010,6,27,10000,4.81,57,13.5,7.102,partiellement nuageux
Agadez,NE,2025-04-04 23:44:02,2025-04-05 05:09:05,2025-04-05 17:33:53,26.19,26.19,1011,7,1,10000,3.25,226,19.75,10.25,ciel dégagé
Tahoua,NE,2025-04-04 23:44:02,2025-04-05 05:31:24,2025-04-05 17:51:25,26.95,25.78,1010,7,13,10000,5.08,55,14.889,5.269,peu nuageux
Dosso,NE,2025-04-04 23:44:05,2025-04-05 05:40:34,2025-04-05 17:58:51,28.1,26.69,1009,6,98,10000,4.42,61,13.049,3.194,couvert
Dakar,SN,2025-04-04 23:44:05,2025-04-04 07:03:00,2025-04-04 19:22:04,20.07,20.3,1014,83,0,10000,5.14,310,14.694,-17.444,ciel dégagé
Saint-Louis,SN,2025-04-04 23:44:06,2025-04-04 06:58:35,2025-04-04 19:18:51,20.99,21.05,1014,73,0,10000,4.12,0,16.018,-16.49,ciel dégagé
Thiès,SN,2025-04-04 23:44:06,2025-04-04 07:01:35,2025-04-04 19:20:47,20.36,20.62,1014,83,0,10000,7.2,350,14.834,-17.106,ciel dégagé
Kaolack,SN,2025-04-04 23:44:07,2025-04-04 06:58:28,2025-04-04 19:17:05,23.07,22.45,1012,39,72,10000,5.89,337,14.182,-16.253,nuageux
Ziguinchor,SN,2025-04-04 23:34:31,2025-04-04 06:59:16,2025-04-04 19:16:27,22.09,22.52,1012,83,0,10000,5.14,320,12.583,-16.272,ciel dégagé
Tambacounda,SN,2025-04-04 23:44:08,2025-04-04 06:48:41,2025-04-04 19:06:55,36.03,34.71,1009,23,0,10000,4.12,340,13.754,-13.759,ciel dégagé
Lomé,TG,2025-04-04 23:44:08,2025-04-04 05:52:05,2025-04-04 18:03:46,29.09,34.77,1010,79,20,10000,5.66,220,6.138,1.212,peu nuageux
Sokodé,TG,2025-04-04 23:44:09,2025-04-04 05:51:12,2025-04-04 18:05:16,27.98,28.7,1009,53,6,10000,1.63,178,8.983,1.133,ciel dégagé
Kara,TG,2025-04-04 23:44:09,2025-04-04 05:50:45,2025-04-04 18:05:18,30.15,29.53,1009,37,15,10000,1.35,183,9.551,1.186,peu nuageux
Atakpamé,TG,2025-04-04 23:44:10,2025-04-04 05:51:49,2025-04-04 18:04:40,25.43,26.01,1010,76,10,10000,2.92,204,7.533,1.133,ciel dégagé
Kpalimé,TG,2025-04-04 23:44:10,2025-04-04 05:54:05,2025-04-04 18:06:24,24.55,25.38,1010,89,17,10000,1.63,195,6.9,0.633,peu nuageux
Tsévié,TG,2025-04-04 23:44:11,2025-04-04 05:51:57,2025-04-04 18:03:53,28.49,33.18,1010,79,30,10000,4.7,212,6.426,1.213,partiellement nuageux
Littoral Department,BJ,2025-04-06 20:49:25,2025-04-06 05:46:14,2025-04-06 17:58:48,29.99,36.99,1010,79,40,10000,6.69,220,6.365,2.418,partiellement nuageux
Porto Novo,BJ,2025-04-06 20:49:25,2025-04-06 05:45:25,2025-04-06 17:58:07,29.9,36.82,1010,78,82,10000,3.91,215,6.497,2.604,nuageux
Parakou,BJ,2025-04-06 20:49:26,2025-04-06 05:43:58,2025-04-06 17:59:22,32.62,31.41,1008,29,100,10000,2.34,184,9.337,2.63,couvert
Abomey-Calavi,BJ,2025-04-06 20:49:27,2025-04-06 05:46:26,2025-04-06 17:59:05,29.92,36.92,1010,79,40,10000,6.69,220,6.449,2.356,partiellement nuageux
Djougou,BJ,2025-04-06 20:44:35,2025-04-06 05:47:39,2025-04-06 18:03:24,30.36,28.81,1008,26,48,10000,1.33,158,9.709,1.666,partiellement nuageux
Kétou,BJ,2025-04-06 20:49:28,2025-04-06 05:45:02,2025-04-06 17:58:32,27.65,30.36,1010,73,86,10000,3.18,195,7.363,2.6,légère pluie
Ouagadougou,BF,2025-04-06 20:49:28,2025-04-06 05:59:10,2025-04-06 18:17:30,34.07,31.79,1007,17,0,10000,1.03,70,12.364,-1.538,ciel dégagé
Bobo-Dioulasso,BF,2025-04-06 20:49:28,2025-04-06 06:10:47,2025-04-06 18:27:58,31.18,33.13,1007,51,0,10000,0.0,0,11.177,-4.298,ciel dégagé
Banfora,BF,2025-04-06 20:44:40,2025-04-06 06:12:55,2025-04-06 18:29:34,34.99,33.29,1007,22,27,10000,1.39,57,10.633,-4.767,partiellement nuageux
Dédougou,BF,2025-04-06 20:49:29,2025-04-06 06:06:50,2025-04-06 18:25:16,34.57,32.01,1006,12,11,10000,2.17,118,12.467,-3.467,peu nuageux
Tenkodogo,BF,2025-04-06 20:49:30,2025-04-06 05:54:47,2025-04-06 18:12:33,34.63,32.1,1007,13,77,10000,2.54,146,11.78,-0.37,nuageux
Koudougou,BF,2025-04-06 20:49:32,2025-04-06 06:02:32,2025-04-06 18:20:46,34.75,32.1,1007,9,100,10000,3.92,111,12.25,-2.367,couvert
Abidjan,CI,2025-04-06 20:49:34,2025-04-06 06:12:28,2025-04-06 18:24:03,27.98,34.4,1010,94,20,10000,3.09,240,5.309,-4.02,peu nuageux
Yamoussoukro,CI,2025-04-06 20:44:44,2025-04-06 06:16:47,2025-04-06 18:29:47,29.92,34.84,1009,70,40,10000,2.06,200,6.821,-5.277,partiellement nuageux
Bouaké,CI,2025-04-06 20:49:35,2025-04-06 06:15:21,2025-04-06 18:29:11,29.06,33.64,1008,74,20,8000,2.06,240,7.689,-5.022,orage
Daloa,CI,2025-04-06 20:49:36,2025-04-06 06:21:27,2025-04-06 18:34:31,26.37,26.37,1009,73,98,10000,2.31,199,6.877,-6.45,couvert
Korhogo,CI,2025-04-06 20:49:36,2025-04-06 06:16:57,2025-04-06 18:32:28,32.79,31.61,1007,29,75,10000,2.39,147,9.45,-5.633,nuageux
Man,CI,2025-04-06 20:49:37,2025-04-06 06:25:37,2025-04-06 18:39:11,25.52,26.16,1009,78,100,10000,1.3,328,7.412,-7.554,couvert
Bissau,GW,2025-04-06 20:49:38,2025-04-06 06:55:38,2025-04-06 19:13:30,27.07,28.89,1009,69,13,8000,2.57,210,11.864,-15.598,peu nuageux
Bamako,ML,2025-04-06 20:49:39,2025-04-06 06:24:52,2025-04-06 18:43:30,34.23,31.7,1007,12,0,10000,2.57,60,12.65,-8.0,ciel dégagé
Gabú,GW,2025-04-06 20:49:41,2025-04-06 06:49:54,2025-04-06 19:08:11,33.07,30.94,1006,19,10,10000,3.41,211,12.283,-14.217,ciel dégagé
Bafatá,GW,2025-04-06 20:49:41,2025-04-06 06:52:05,2025-04-06 19:10:15,28.48,29.33,1008,53,19,10000,4.68,232,12.167,-14.75,peu nuageux
Cacheu,GW,2025-04-06 20:49:42,2025-04-06 06:57:42,2025-04-06 19:15:58,22.61,22.57,1009,63,71,10000,3.36,223,12.271,-16.166,nuageux
Bolama,GW,2025-04-06 20:44:57,2025-04-06 06:55:15,2025-04-06 19:12:50,24.5,25.07,1009,79,11,10000,7.19,236,11.583,-15.467,peu nuageux
Kayes,ML,2025-04-06 20:49:44,2025-04-06 06:37:42,2025-04-06 18:58:07,38.15,35.11,1005,9,16,10000,2.86,16,14.442,-11.434,peu nuageux
Kidal,ML,2025-04-06 20:44:58,2025-04-06 05:44:18,2025-04-06 18:08:49,32.09,29.84,1009,13,98,10000,4.35,351,18.441,1.408,couvert
Koulikoro,ML,2025-04-06 20:49:50,2025-04-06 06:23:00,2025-04-06 18:41:50,33.47,31.05,1006,6,66,10000,2.43,72,12.863,-7.56,nuageux
Mopti,ML,2025-04-06 20:49:51,2025-04-06 06:08:44,2025-04-06 18:29:11,35.02,32.33,1007,9,43,10000,3.13,28,14.493,-4.194,partiellement nuageux
Ségou,ML,2025-04-06 20:49:55,2025-04-06 06:17:21,2025-04-06 18:36:45,35.57,32.79,1006,8,76,10000,2.78,104,13.432,-6.216,nuageux
Niamey,NE,2025-04-06 20:49:56,2025-04-06 05:44:01,2025-04-06 18:03:29,37.16,34.22,1007,9,77,8000,2.06,350,13.514,2.11,nuageux
Zinder,NE,2025-04-06 20:45:00,2025-04-06 05:16:22,2025-04-06 17:36:07,28.44,26.94,1008,9,96,10000,2.11,230,13.807,8.988,couvert
Maradi,NE,2025-04-06 20:45:04,2025-04-06 05:24:05,2025-04-06 17:43:31,29.7,27.94,1008,8,97,10000,3.13,123,13.5,7.102,couvert
Agadez,NE,2025-04-06 20:45:01,2025-04-06 05:08:15,2025-04-06 17:34:08,30.12,28.23,1007,11,80,10000,5.42,286,19.75,10.25,nuageux
Tahoua,NE,2025-04-06 20:47:52,2025-04-06 05:30:42,2025-04-06 17:51:32,31.0,28.95,1007,10,20,10000,1.35,316,14.889,5.269,peu nuageux
Dosso,NE,2025-04-06 20:50:02,2025-04-06 05:39:55,2025-04-06 17:58:55,31.39,29.3,1007,8,96,10000,2.55,123,13.049,3.194,couvert
Dakar,SN,2025-04-06 20:50:03,2025-04-06 07:01:36,2025-04-06 19:22:18,21.07,21.27,1009,78,0,10000,4.12,340,14.694,-17.444,ciel dégagé
Saint-Louis,SN,2025-04-06 20:45:07,2025-04-06 06:57:07,2025-04-06 19:19:09,24.99,24.77,1009,47,0,10000,4.12,360,16.018,-16.49,ciel dégagé
Thiès,SN,2025-04-06 20:50:05,2025-04-06 07:00:11,2025-04-06 19:21:01,24.36,24.24,1009,53,79,8000,9.77,360,14.834,-17.106,nuageux
Kaolack,SN,2025-04-06 20:50:07,2025-04-06 06:57:06,2025-04-06 19:17:16,29.02,27.69,1007,26,6,10000,6.48,338,14.182,-16.253,ciel dégagé
Ziguinchor,SN,2025-04-06 20:50:07,2025-04-06 06:57:58,2025-04-06 19:16:33,29.11,31.38,1008,61,0,10000,4.12,240,12.583,-16.272,ciel dégagé
Tambacounda,SN,2025-04-06 20:50:08,2025-04-06 06:47:20,2025-04-06 19:07:05,38.03,38.84,1005,28,0,10000,1.03,80,13.754,-13.759,ciel dégagé
Lomé,TG,2025-04-06 20:50:08,2025-04-06 05:51:09,2025-04-06 18:03:31,29.09,35.91,1010,84,40,10000,4.63,210,6.138,1.212,partiellement nuageux
Sokodé,TG,2025-04-06 20:50:09,2025-04-06 05:50:08,2025-04-06 18:05:11,29.92,28.61,1008,29,71,10000,1.57,153,8.983,1.133,nuageux
Kara,TG,2025-04-06 20:50:10,2025-04-06 05:49:39,2025-04-06 18:05:14,31.49,29.81,1008,25,30,10000,1.29,139,9.551,1.186,partiellement nuageux
Atakpamé,TG,2025-04-06 20:50:11,2025-04-06 05:50:49,2025-04-06 18:04:29,27.43,29.3,1010,67,94,10000,2.8,193,7.533,1.133,couvert
Kpalimé,TG,2025-04-06 20:43:23,2025-04-06 05:53:08,2025-04-06 18:06:13,25.66,26.53,1010,86,100,10000,1.54,170,6.9,0.633,couvert
Tsévié,TG,2025-04-06 20:50:12,2025-04-06 05:51:01,2025-04-06 18:03:39,28.49,32.3,1010,74,100,10000,3.83,204,6.426,1.213,couvert
Littoral Department,BJ,2025-04-06 20:57:41,2025-04-06 05:46:14,2025-04-06 17:58:48,29.99,36.99,1010,79,40,10000,6.69,220,6.365,2.418,partiellement nuageux
Porto Novo,BJ,2025-04-06 20:59:56,2025-04-06 05:45:25,2025-04-06 17:58:07,29.9,36.82,1010,78,82,10000,3.91,215,6.497,2.604,nuageux
Parakou,BJ,2025-04-06 20:59:57,2025-04-06 05:43:58,2025-04-06 17:59:22,32.62,31.41,1008,29,100,10000,2.34,184,9.337,2.63,couvert
Abomey-Calavi,BJ,2025-04-06 20:59:58,2025-04-06 05:46:26,2025-04-06 17:59:05,29.92,36.92,1010,79,40,10000,6.69,220,6.449,2.356,partiellement nuageux
Djougou,BJ,2025-04-06 21:00:00,2025-04-06 05:47:39,2025-04-06 18:03:24,30.36,28.81,1008,26,48,10000,1.33,158,9.709,1.666,partiellement nuageux
Kétou,BJ,2025-04-06 21:00:02,2025-04-06 05:45:02,2025-04-06 17:58:32,27.65,30.36,1010,73,86,10000,3.18,195,7.363,2.6,légère pluie
Ouagadougou,BF,2025-04-06 21:00:03,2025-04-06 05:59:10,2025-04-06 18:17:30,34.07,31.79,1007,17,0,10000,1.03,70,12.364,-1.538,ciel dégagé
Bobo-Dioulasso,BF,2025-04-06 21:00:05,2025-04-06 06:10:47,2025-04-06 18:27:58,31.18,33.13,1007,51,0,10000,0.0,0,11.177,-4.298,ciel dégagé
Banfora,BF,2025-04-06 21:00:06,2025-04-06 06:12:55,2025-04-06 18:29:34,34.99,33.29,1007,22,27,10000,1.39,57,10.633,-4.767,partiellement nuageux
Dédougou,BF,2025-04-06 21:00:10,2025-04-06 06:06:50,2025-04-06 18:25:16,34.57,32.01,1006,12,11,10000,2.17,118,12.467,-3.467,peu nuageux
Tenkodogo,BF,2025-04-06 21:00:11,2025-04-06 05:54:47,2025-04-06 18:12:33,34.63,32.1,1007,13,77,10000,2.54,146,11.78,-0.37,nuageux
Koudougou,BF,2025-04-06 21:00:12,2025-04-06 06:02:32,2025-04-06 18:20:46,34.75,32.1,1007,9,100,10000,3.92,111,12.25,-2.367,couvert
Abidjan,CI,2025-04-06 21:00:12,2025-04-06 06:12:28,2025-04-06 18:24:03,27.98,34.4,1010,94,20,10000,3.09,240,5.309,-4.02,peu nuageux
Yamoussoukro,CI,2025-04-06 21:00:13,2025-04-06 06:16:47,2025-04-06 18:29:47,29.92,34.84,1009,70,40,10000,2.06,200,6.821,-5.277,partiellement nuageux
Bouaké,CI,2025-04-06 21:00:17,2025-04-06 06:15:21,2025-04-06 18:29:11,29.06,33.64,1008,74,20,8000,2.06,240,7.689,-5.022,orage
Daloa,CI,2025-04-06 21:00:18,2025-04-06 06:21:27,2025-04-06 18:34:31,26.37,26.37,1009,73,98,10000,2.31,199,6.877,-6.45,couvert
Korhogo,CI,2025-04-06 21:00:18,2025-04-06 06:16:57,2025-04-06 18:32:28,32.79,31.61,1007,29,75,10000,2.39,147,9.45,-5.633,nuageux
Man,CI,2025-04-06 21:00:19,2025-04-06 06:25:37,2025-04-06 18:39:11,25.52,26.16,1009,78,100,10000,1.3,328,7.412,-7.554,couvert
Bissau,GW,2025-04-06 21:00:19,2025-04-06 06:55:38,2025-04-06 19:13:30,27.07,28.89,1009,69,13,8000,2.57,210,11.864,-15.598,peu nuageux
Bamako,ML,2025-04-06 20:58:39,2025-04-06 06:24:51,2025-04-06 18:43:29,34.19,31.66,1007,12,0,10000,2.57,60,12.65,-8.0,ciel dégagé
Gabú,GW,2025-04-06 21:00:21,2025-04-06 06:49:54,2025-04-06 19:08:11,33.07,30.94,1006,19,10,10000,3.41,211,12.283,-14.217,ciel dégagé
Bafatá,GW,2025-04-06 21:00:22,2025-04-06 06:52:05,2025-04-06 19:10:15,28.48,29.33,1008,53,19,10000,4.68,232,12.167,-14.75,peu nuageux
Cacheu,GW,2025-04-06 21:00:22,2025-04-06 06:57:42,2025-04-06 19:15:58,22.61,22.57,1009,63,71,10000,3.36,223,12.271,-16.166,nuageux
Bolama,GW,2025-04-06 21:00:24,2025-04-06 06:55:15,2025-04-06 19:12:50,24.5,25.07,1009,79,11,10000,7.19,236,11.583,-15.467,peu nuageux
Kayes,ML,2025-04-06 21:00:24,2025-04-06 06:37:42,2025-04-06 18:58:07,38.15,35.11,1005,9,16,10000,2.86,16,14.442,-11.434,peu nuageux
Kidal,ML,2025-04-06 20:58:37,2025-04-06 05:44:18,2025-04-06 18:08:49,32.09,29.84,1009,13,98,10000,4.35,351,18.441,1.408,couvert
Koulikoro,ML,2025-04-06 21:00:25,2025-04-06 06:23:00,2025-04-06 18:41:50,33.47,31.05,1006,6,66,10000,2.43,72,12.863,-7.56,nuageux
Mopti,ML,2025-04-06 21:00:26,2025-04-06 06:08:44,2025-04-06 18:29:11,35.02,32.33,1007,9,43,10000,3.13,28,14.493,-4.194,partiellement nuageux
Ségou,ML,2025-04-06 21:00:27,2025-04-06 06:17:21,2025-04-06 18:36:45,35.57,32.79,1006,8,76,10000,2.78,104,13.432,-6.216,nuageux
Niamey,NE,2025-04-06 21:00:28,2025-04-06 05:44:01,2025-04-06 18:03:29,37.16,34.22,1007,9,77,8000,2.06,350,13.514,2.11,nuageux
Zinder,NE,2025-04-06 21:00:31,2025-04-06 05:16:22,2025-04-06 17:36:07,28.44,26.94,1008,9,96,10000,2.11,230,13.807,8.988,couvert
Maradi,NE,2025-04-06 21:00:33,2025-04-06 05:24:04,2025-04-06 17:43:30,29.7,27.94,1008,8,97,10000,3.13,123,13.5,7.102,couvert
Agadez,NE,2025-04-06 21:00:34,2025-04-06 05:08:15,2025-04-06 17:34:08,30.12,28.23,1007,11,80,10000,5.42,286,19.75,10.25,nuageux
Tahoua,NE,2025-04-06 21:00:34,2025-04-06 05:30:42,2025-04-06 17:51:32,31.0,28.95,1007,10,20,10000,1.35,316,14.889,5.269,peu nuageux
Dosso,NE,2025-04-06 20:59:06,2025-04-06 05:39:54,2025-04-06 17:58:54,31.39,29.3,1007,8,96,10000,2.56,124,13.049,3.194,couvert
Dakar,SN,2025-04-06 21:00:36,2025-04-06 07:01:36,2025-04-06 19:22:18,21.07,21.27,1009,78,0,10000,4.12,340,14.694,-17.444,ciel dégagé
Saint-Louis,SN,2025-04-06 21:00:37,2025-04-06 06:57:07,2025-04-06 19:19:09,24.99,24.77,1009,47,0,10000,4.12,360,16.018,-16.49,ciel dégagé
Thiès,SN,2025-04-06 21:00:37,2025-04-06 07:00:11,2025-04-06 19:21:01,24.36,24.24,1009,53,79,8000,9.77,360,14.834,-17.106,nuageux
Kaolack,SN,2025-04-06 21:00:40,2025-04-06 06:57:06,2025-04-06 19:17:16,29.02,27.69,1007,26,6,10000,6.48,338,14.182,-16.253,ciel dégagé
Ziguinchor,SN,2025-04-06 21:00:42,2025-04-06 06:57:58,2025-04-06 19:16:33,29.11,31.38,1008,61,0,10000,4.12,240,12.583,-16.272,ciel dégagé
Tambacounda,SN,2025-04-06 21:00:43,2025-04-06 06:47:20,2025-04-06 19:07:05,38.03,38.84,1005,28,0,10000,1.03,80,13.754,-13.759,ciel dégagé
Lomé,TG,2025-04-06 21:00:43,2025-04-06 05:51:09,2025-04-06 18:03:31,29.09,35.91,1010,84,40,10000,4.63,210,6.138,1.212,partiellement nuageux
Sokodé,TG,2025-04-06 21:00:44,2025-04-06 05:50:08,2025-04-06 18:05:11,29.92,28.61,1008,29,71,10000,1.57,153,8.983,1.133,nuageux
Kara,TG,2025-04-06 21:00:44,2025-04-06 05:49:39,2025-04-06 18:05:14,31.49,29.81,1008,25,30,10000,1.29,139,9.551,1.186,partiellement nuageux
Atakpamé,TG,2025-04-06 21:00:46,2025-04-06 05:50:49,2025-04-06 18:04:29,27.43,29.3,1010,67,94,10000,2.8,193,7.533,1.133,couvert
Kpalimé,TG,2025-04-06 21:00:48,2025-04-06 05:53:07,2025-04-06 18:06:11,25.7,26.55,1010,85,100,10000,1.55,171,6.9,0.633,couvert
Tsévié,TG,2025-04-06 21:00:49,2025-04-06 05:51:01,2025-04-06 18:03:39,28.49,32.3,1010,74,100,10000,3.83,204,6.426,1.213,couvert
Littoral Department,BJ,2025-04-06 23:41:31,2025-04-07 05:45:46,2025-04-07 17:58:41,26.81,29.84,1009,86,76,10000,2.59,227,6.365,2.418,nuageux
Porto Novo,BJ,2025-04-06 23:41:33,2025-04-07 05:44:58,2025-04-07 17:58:00,27.58,31.2,1009,81,93,10000,3.33,235,6.497,2.604,couvert
Parakou,BJ,2025-04-06 23:41:34,2025-04-07 05:43:26,2025-04-07 17:59:20,27.79,29.35,1008,62,73,10000,4.0,195,9.337,2.63,nuageux
Abomey-Calavi,BJ,2025-04-06 23:41:34,2025-04-07 05:45:59,2025-04-07 17:58:58,26.75,29.69,1009,86,76,10000,2.59,227,6.449,2.356,nuageux
Djougou,BJ,2025-04-06 23:41:35,2025-04-07 05:47:06,2025-04-07 18:03:22,28.48,27.62,1009,33,57,10000,2.95,180,9.709,1.666,nuageux
Kétou,BJ,2025-04-06 23:41:36,2025-04-07 05:44:33,2025-04-07 17:58:27,27.15,29.77,1009,77,60,10000,2.48,211,7.363,2.6,nuageux
Ouagadougou,BF,2025-04-06 23:41:37,2025-04-06 05:59:10,2025-04-06 18:17:30,29.07,27.82,1007,28,0,10000,1.03,360,12.364,-1.538,ciel dégagé
Bobo-Dioulasso,BF,2025-04-06 23:41:37,2025-04-06 06:10:47,2025-04-06 18:27:58,30.18,30.15,1007,42,0,10000,1.03,0,11.177,-4.298,ciel dégagé
Banfora,BF,2025-04-06 23:41:38,2025-04-06 06:12:55,2025-04-06 18:29:34,32.04,30.36,1007,25,58,10000,0.75,127,10.633,-4.767,nuageux
Dédougou,BF,2025-04-06 23:41:38,2025-04-06 06:06:50,2025-04-06 18:25:16,31.88,29.66,1007,11,24,10000,2.05,39,12.467,-3.467,peu nuageux
Tenkodogo,BF,2025-04-06 23:41:38,2025-04-06 05:54:47,2025-04-06 18:12:33,33.16,30.79,1007,14,64,10000,2.68,106,11.78,-0.37,nuageux
Koudougou,BF,2025-04-06 23:41:39,2025-04-06 06:02:32,2025-04-06 18:20:46,32.7,30.35,1006,10,67,10000,2.72,74,12.25,-2.367,nuageux
Abidjan,CI,2025-04-06 23:41:39,2025-04-06 06:12:28,2025-04-06 18:24:03,27.98,33.51,1010,89,20,10000,2.06,250,5.309,-4.02,peu nuageux
Yamoussoukro,CI,2025-04-06 23:41:41,2025-04-06 06:16:47,2025-04-06 18:29:47,25.62,26.4,1009,83,95,10000,2.79,200,6.821,-5.277,couvert
Bouaké,CI,2025-04-06 23:41:42,2025-04-06 06:15:21,2025-04-06 18:29:11,25.76,26.35,1009,75,88,10000,3.52,186,7.689,-5.022,couvert
Daloa,CI,2025-04-06 23:41:42,2025-04-06 06:21:27,2025-04-06 18:34:31,25.18,25.87,1010,81,100,10000,2.28,173,6.877,-6.45,couvert
Korhogo,CI,2025-04-06 23:41:43,2025-04-06 06:16:57,2025-04-06 18:32:28,29.37,29.3,1008,43,77,10000,2.54,194,9.45,-5.633,nuageux
Man,CI,2025-04-06 23:41:43,2025-04-06 06:25:37,2025-04-06 18:39:11,23.59,24.25,1011,86,100,10000,0.86,171,7.412,-7.554,couvert
Bissau,GW,2025-04-06 23:41:43,2025-04-06 06:55:38,2025-04-06 19:13:30,24.07,24.83,1010,88,5,8000,0.51,0,11.864,-15.598,ciel dégagé
Bamako,ML,2025-04-06 23:40:07,2025-04-06 06:24:52,2025-04-06 18:43:30,32.23,30.05,1008,17,32,8000,2.57,100,12.65,-8.0,partiellement nuageux
Gabú,GW,2025-04-06 23:41:44,2025-04-06 06:49:54,2025-04-06 19:08:11,25.4,25.54,1009,59,11,10000,4.54,220,12.283,-14.217,peu nuageux
Bafatá,GW,2025-04-06 23:41:45,2025-04-06 06:52:05,2025-04-06 19:10:15,24.66,24.96,1010,68,15,10000,3.93,213,12.167,-14.75,peu nuageux
Cacheu,GW,2025-04-06 23:41:45,2025-04-06 06:57:42,2025-04-06 19:15:58,23.43,23.32,1010,57,49,10000,2.55,240,12.271,-16.166,partiellement nuageux
Bolama,GW,2025-04-06 23:41:46,2025-04-06 06:55:15,2025-04-06 19:12:50,23.98,24.5,1010,79,19,10000,5.51,219,11.583,-15.467,peu nuageux
Kayes,ML,2025-04-06 23:41:46,2025-04-06 06:37:42,2025-04-06 18:58:07,34.86,32.24,1006,11,8,10000,1.68,33,14.442,-11.434,ciel dégagé
Kidal,ML,2025-04-06 23:41:46,2025-04-06 05:44:18,2025-04-06 18:08:49,29.94,28.1,1009,16,85,10000,3.64,352,18.441,1.408,couvert
Koulikoro,ML,2025-04-06 23:41:47,2025-04-06 06:23:00,2025-04-06 18:41:50,30.38,28.46,1007,9,33,10000,1.8,51,12.863,-7.56,partiellement nuageux
Mopti,ML,2025-04-06 23:41:47,2025-04-06 06:08:44,2025-04-06 18:29:11,32.39,30.09,1007,12,59,10000,3.25,37,14.493,-4.194,nuageux
Ségou,ML,2025-04-06 23:41:48,2025-04-06 06:17:21,2025-04-06 18:36:45,32.91,30.53,1007,10,77,10000,3.27,45,13.432,-6.216,nuageux
Niamey,NE,2025-04-06 23:41:50,2025-04-07 05:43:21,2025-04-07 18:03:34,33.16,30.77,1006,13,89,8000,2.06,150,13.514,2.11,couvert
Zinder,NE,2025-04-06 23:41:51,2025-04-07 05:15:42,2025-04-07 17:36:12,28.22,26.77,1007,9,94,10000,2.72,233,13.807,8.988,couvert
Maradi,NE,2025-04-06 23:41:51,2025-04-07 05:23:24,2025-04-07 17:43:35,29.0,27.39,1007,8,70,10000,4.45,150,13.5,7.102,nuageux
Agadez,NE,2025-04-06 23:41:52,2025-04-07 05:07:24,2025-04-07 17:34:24,29.1,27.44,1007,14,86,10000,5.9,312,19.75,10.25,couvert
Tahoua,NE,2025-04-06 23:41:56,2025-04-07 05:30:00,2025-04-07 17:51:39,28.52,27.0,1007,12,47,10000,1.24,51,14.889,5.269,partiellement nuageux
Dosso,NE,2025-04-06 23:41:56,2025-04-07 05:39:16,2025-04-07 17:58:59,30.64,28.67,1006,9,90,10000,2.98,138,13.049,3.194,couvert
Dakar,SN,2025-04-06 23:41:59,2025-04-06 07:01:36,2025-04-06 19:22:18,21.07,21.27,1009,78,0,10000,5.14,340,14.694,-17.444,ciel dégagé
Saint-Louis,SN,2025-04-06 23:42:00,2025-04-06 06:57:07,2025-04-06 19:19:09,22.99,22.81,1010,56,0,10000,4.12,360,16.018,-16.49,ciel dégagé
Thiès,SN,2025-04-06 23:42:01,2025-04-06 07:00:11,2025-04-06 19:21:01,23.36,23.14,1010,53,83,8000,9.77,360,14.834,-17.106,nuageux
Kaolack,SN,2025-04-06 23:42:01,2025-04-06 06:57:06,2025-04-06 19:17:16,33.03,31.9,1008,29,27,10000,6.2,356,14.182,-16.253,partiellement nuageux
Ziguinchor,SN,2025-04-06 23:42:04,2025-04-06 06:57:58,2025-04-06 19:16:33,25.11,25.58,1010,73,0,10000,3.09,240,12.583,-16.272,ciel dégagé
Tambacounda,SN,2025-04-06 23:42:06,2025-04-06 06:47:20,2025-04-06 19:07:05,35.03,34.93,1007,31,0,10000,2.06,280,13.754,-13.759,ciel dégagé
Lomé,TG,2025-04-06 23:42:07,2025-04-06 05:51:09,2025-04-06 18:03:31,29.09,35.91,1010,84,20,10000,4.63,230,6.138,1.212,peu nuageux
Sokodé,TG,2025-04-06 23:42:07,2025-04-06 05:50:08,2025-04-06 18:05:11,26.51,26.51,1009,64,77,10000,1.97,148,8.983,1.133,nuageux
Kara,TG,2025-04-06 23:42:07,2025-04-06 05:49:39,2025-04-06 18:05:14,28.91,28.43,1008,39,57,10000,2.52,162,9.551,1.186,nuageux
Atakpamé,TG,2025-04-06 23:42:08,2025-04-06 05:50:49,2025-04-06 18:04:29,25.48,26.12,1010,78,79,10000,2.09,190,7.533,1.133,nuageux
Kpalimé,TG,2025-04-06 23:42:08,2025-04-06 05:53:07,2025-04-06 18:06:11,24.62,25.54,1010,92,99,10000,1.02,169,6.9,0.633,couvert
Tsévié,TG,2025-04-06 23:42:08,2025-04-06 05:51:01,2025-04-06 18:03:39,28.49,33.54,1010,81,100,10000,2.5,230,6.426,1.213,couvert
Cotonou,BJ,2025-04-07 00:16:21,2025-04-07 05:45:46,2025-04-07 17:58:41,28.99,35.61,1009,84,40,10000,4.63,230,6.365,2.418,partiellement nuageux
Porto Novo,BJ,2025-04-07 00:16:22,2025-04-07 05:44:58,2025-04-07 17:58:00,28.9,35.11,1009,83,93,10000,3.17,234,6.497,2.604,couvert
Parakou,BJ,2025-04-07 00:16:23,2025-04-07 05:43:26,2025-04-07 17:59:20,27.58,29.44,1009,66,92,10000,3.68,198,9.337,2.63,couvert
Abomey-Calavi,BJ,2025-04-07 00:16:23,2025-04-07 05:45:59,2025-04-07 17:58:58,28.92,35.39,1009,84,40,10000,4.63,230,6.449,2.356,partiellement nuageux
Djougou,BJ,2025-04-07 00:16:23,2025-04-07 05:47:06,2025-04-07 18:03:22,27.99,27.4,1009,36,69,10000,2.81,184,9.709,1.666,nuageux
Kétou,BJ,2025-04-07 00:16:24,2025-04-07 05:44:33,2025-04-07 17:58:27,26.75,29.12,1009,79,60,10000,2.44,211,7.363,2.6,nuageux
Ouagadougou,BF,2025-04-07 00:16:24,2025-04-07 05:58:33,2025-04-07 18:17:33,29.07,27.93,1007,30,0,10000,0.51,270,12.364,-1.538,ciel dégagé
Bobo-Dioulasso,BF,2025-04-07 00:16:25,2025-04-07 06:10:12,2025-04-07 18:27:59,32.18,33.12,1007,43,0,10000,2.06,200,11.177,-4.298,ciel dégagé
Banfora,BF,2025-04-07 00:16:25,2025-04-07 06:12:21,2025-04-07 18:29:34,32.14,30.75,1007,28,60,10000,0.64,199,10.633,-4.767,nuageux
Dédougou,BF,2025-04-07 00:16:26,2025-04-07 06:06:12,2025-04-07 18:25:19,31.93,29.7,1007,11,23,10000,2.09,35,12.467,-3.467,peu nuageux
Tenkodogo,BF,2025-04-07 00:16:26,2025-04-07 05:54:11,2025-04-07 18:12:35,32.61,30.3,1007,14,80,10000,2.49,118,11.78,-0.37,nuageux
Koudougou,BF,2025-04-07 00:16:27,2025-04-07 06:01:55,2025-04-07 18:20:49,32.91,30.53,1006,9,79,10000,2.99,83,12.25,-2.367,nuageux
Abidjan,CI,2025-04-07 00:16:27,2025-04-07 06:12:02,2025-04-07 18:23:55,27.98,33.51,1010,89,20,10000,2.06,270,5.309,-4.02,peu nuageux
Yamoussoukro,CI,2025-04-07 00:16:28,2025-04-07 06:16:19,2025-04-07 18:29:41,24.71,25.53,1010,88,95,10000,2.76,200,6.821,-5.277,couvert
Bouaké,CI,2025-04-07 00:16:28,2025-04-07 06:14:52,2025-04-07 18:29:06,26.39,26.39,1009,72,70,10000,3.89,184,7.689,-5.022,nuageux
Daloa,CI,2025-04-07 00:16:29,2025-04-07 06:20:58,2025-04-07 18:34:25,24.95,25.69,1010,84,98,10000,2.11,176,6.877,-6.45,couvert
Korhogo,CI,2025-04-07 00:16:29,2025-04-07 06:16:25,2025-04-07 18:32:26,29.35,29.39,1008,44,75,10000,2.53,190,9.45,-5.633,nuageux
Man,CI,2025-04-07 00:16:30,2025-04-07 06:25:07,2025-04-07 18:39:05,24.06,24.69,1011,83,99,10000,0.98,231,7.412,-7.554,couvert
Bissau,GW,2025-04-07 00:16:30,2025-04-07 06:55:01,2025-04-07 19:13:32,23.52,23.83,1010,73,14,10000,4.22,215,11.864,-15.598,peu nuageux
Bamako,ML,2025-04-07 00:14:45,2025-04-07 06:24:14,2025-04-07 18:43:33,32.23,30.05,1007,17,34,8000,3.09,100,12.65,-8.0,partiellement nuageux
Gabú,GW,2025-04-07 00:16:31,2025-04-07 06:49:17,2025-04-07 19:08:14,24.6,24.79,1010,64,6,10000,4.42,218,12.283,-14.217,ciel dégagé
Bafatá,GW,2025-04-07 00:16:32,2025-04-07 06:51:28,2025-04-07 19:10:18,24.46,24.76,1010,69,12,10000,3.96,214,12.167,-14.75,peu nuageux
Cacheu,GW,2025-04-07 00:16:32,2025-04-07 06:57:05,2025-04-07 19:16:01,21.81,21.82,1010,68,60,10000,2.9,246,12.271,-16.166,nuageux
Bolama,GW,2025-04-07 00:16:33,2025-04-07 06:54:38,2025-04-07 19:12:52,23.69,24.18,1011,79,11,10000,4.74,221,11.583,-15.467,peu nuageux
Kayes,ML,2025-04-07 00:16:34,2025-04-07 06:37:01,2025-04-07 18:58:14,34.86,32.24,1006,11,8,10000,1.68,33,14.442,-11.434,ciel dégagé
Kidal,ML,2025-04-07 00:16:34,2025-04-07 05:43:30,2025-04-07 18:09:02,29.94,28.1,1009,16,85,10000,3.64,352,18.441,1.408,couvert
Koulikoro,ML,2025-04-07 00:16:34,2025-04-07 06:22:22,2025-04-07 18:41:54,31.23,29.15,1007,9,39,10000,1.92,50,12.863,-7.56,partiellement nuageux
Mopti,ML,2025-04-07 00:16:35,2025-04-07 06:08:02,2025-04-07 18:29:18,32.39,30.09,1007,12,59,10000,3.25,37,14.493,-4.194,nuageux
Ségou,ML,2025-04-07 00:16:35,2025-04-07 06:16:41,2025-04-07 18:36:49,32.91,30.53,1007,10,77,10000,3.27,45,13.432,-6.216,nuageux
Niamey,NE,2025-04-07 00:16:36,2025-04-07 05:43:21,2025-04-07 18:03:34,33.16,30.75,1006,12,89,8000,2.57,130,13.514,2.11,couvert
Zinder,NE,2025-04-07 00:16:37,2025-04-07 05:15:42,2025-04-07 17:36:12,28.22,26.77,1007,9,94,10000,2.72,233,13.807,8.988,couvert
Maradi,NE,2025-04-07 00:16:38,2025-04-07 05:23:24,2025-04-07 17:43:35,29.0,27.39,1007,8,70,10000,4.45,150,13.5,7.102,nuageux
Agadez,NE,2025-04-07 00:16:38,2025-04-07 05:07:24,2025-04-07 17:34:24,29.1,27.44,1007,14,86,10000,5.9,312,19.75,10.25,couvert
Tahoua,NE,2025-04-07 00:16:39,2025-04-07 05:30:00,2025-04-07 17:51:39,28.52,27.0,1007,12,47,10000,1.24,51,14.889,5.269,partiellement nuageux
Dosso,NE,2025-04-07 00:16:39,2025-04-07 05:39:16,2025-04-07 17:58:59,28.39,26.91,1007,13,87,10000,1.33,143,13.049,3.194,couvert
Dakar,SN,2025-04-07 00:16:40,2025-04-07 07:00:54,2025-04-07 19:22:25,21.07,21.27,1009,78,0,10000,5.14,340,14.694,-17.444,ciel dégagé
Saint-Louis,SN,2025-04-07 00:16:40,2025-04-07 06:56:23,2025-04-07 19:19:18,21.0,20.75,1010,61,39,10000,9.11,360,16.018,-16.49,partiellement nuageux
Thiès,SN,2025-04-07 00:16:41,2025-04-07 06:59:29,2025-04-07 19:21:08,23.36,23.14,1010,53,83,8000,10.29,360,14.834,-17.106,nuageux
Kaolack,SN,2025-04-07 00:16:41,2025-04-07 06:56:25,2025-04-07 19:17:22,31.03,29.67,1008,29,27,10000,6.2,356,14.182,-16.253,partiellement nuageux
Ziguinchor,SN,2025-04-07 00:10:54,2025-04-07 06:57:20,2025-04-07 19:16:36,23.75,23.64,1010,56,40,10000,2.69,240,12.583,-16.272,partiellement nuageux
Tambacounda,SN,2025-04-07 00:16:42,2025-04-07 06:46:41,2025-04-07 19:07:10,35.03,34.51,1007,29,0,10000,1.03,300,13.754,-13.759,ciel dégagé
Lomé,TG,2025-04-07 00:16:43,2025-04-07 05:50:42,2025-04-07 18:03:24,29.09,35.91,1010,84,20,10000,4.12,250,6.138,1.212,peu nuageux
Sokodé,TG,2025-04-07 00:16:43,2025-04-07 05:49:36,2025-04-07 18:05:08,27.84,31.42,1009,78,0,10000,0.0,0,8.983,1.133,ciel dégagé
Kara,TG,2025-04-07 00:16:44,2025-04-07 05:49:06,2025-04-07 18:05:13,30.03,29.61,1008,39,57,10000,2.52,162,9.551,1.186,nuageux
Atakpamé,TG,2025-04-07 00:16:45,2025-04-07 05:50:20,2025-04-07 18:04:24,25.48,26.12,1010,78,79,10000,2.09,190,7.533,1.133,nuageux
Kpalimé,TG,2025-04-07 00:16:45,2025-04-07 05:52:38,2025-04-07 18:06:05,24.62,25.54,1010,92,99,10000,1.02,169,6.9,0.633,couvert
Tsévié,TG,2025-04-07 00:16:46,2025-04-07 05:50:33,2025-04-07 18:03:32,28.49,33.54,1010,81,100,10000,2.5,230,6.426,1.213,couvert
Littoral Department,BJ,2025-04-07 12:52:15,2025-04-07 05:45:46,2025-04-07 17:58:41,32.99,39.99,1009,66,40,10000,5.66,220,6.365,2.418,partiellement nuageux
Porto Novo,BJ,2025-04-07 12:52:15,2025-04-07 05:44:58,2025-04-07 17:58:00,32.9,39.26,1009,60,100,10000,4.72,192,6.497,2.604,couvert
Parakou,BJ,2025-04-07 12:52:15,2025-04-07 05:43:26,2025-04-07 17:59:20,39.05,38.9,1007,23,100,10000,2.22,150,9.337,2.63,couvert
Abomey-Calavi,BJ,2025-04-07 12:52:16,2025-04-07 05:45:59,2025-04-07 17:58:58,32.92,39.92,1009,66,40,10000,5.66,220,6.449,2.356,partiellement nuageux
Djougou,BJ,2025-04-07 12:52:16,2025-04-07 05:47:06,2025-04-07 18:03:22,39.24,37.8,1007,18,100,10000,2.66,104,9.709,1.666,couvert
Kétou,BJ,2025-04-07 12:52:16,2025-04-07 05:44:33,2025-04-07 17:58:27,34.84,38.84,1008,46,100,10000,3.68,160,7.363,2.6,couvert
Ouagadougou,BF,2025-04-07 12:50:17,2025-04-07 05:58:34,2025-04-07 18:17:34,40.03,40.06,1006,22,0,10000,1.03,0,12.364,-1.538,ciel dégagé
Bobo-Dioulasso,BF,2025-04-07 12:52:17,2025-04-07 06:10:12,2025-04-07 18:27:59,36.18,39.87,1007,41,20,10000,2.57,200,11.177,-4.298,peu nuageux
Banfora,BF,2025-04-07 12:52:17,2025-04-07 06:12:21,2025-04-07 18:29:34,41.94,41.09,1007,17,28,10000,1.68,126,10.633,-4.767,partiellement nuageux
Dédougou,BF,2025-04-07 12:51:09,2025-04-07 06:06:12,2025-04-07 18:25:19,41.03,38.46,1006,12,75,10000,1.77,70,12.467,-3.467,nuageux
Tenkodogo,BF,2025-04-07 12:51:10,2025-04-07 05:54:11,2025-04-07 18:12:35,40.38,38.22,1006,14,11,10000,0.7,343,11.78,-0.37,peu nuageux
Koudougou,BF,2025-04-07 12:51:10,2025-04-07 06:01:55,2025-04-07 18:20:49,40.43,38.28,1006,14,11,10000,2.24,54,12.25,-2.367,peu nuageux
Abidjan,CI,2025-04-07 12:51:10,2025-04-07 06:12:02,2025-04-07 18:23:55,30.98,37.98,1010,79,40,10000,4.63,240,5.309,-4.02,partiellement nuageux
Yamoussoukro,CI,2025-04-07 12:51:11,2025-04-07 06:16:19,2025-04-07 18:29:41,31.94,37.54,1008,62,75,10000,2.06,220,6.821,-5.277,nuageux
Bouaké,CI,2025-04-07 12:51:11,2025-04-07 06:14:52,2025-04-07 18:29:06,31.06,36.58,1008,66,75,10000,4.12,240,7.689,-5.022,nuageux
Daloa,CI,2025-04-07 12:51:11,2025-04-07 06:20:58,2025-04-07 18:34:25,36.55,38.84,1008,36,93,10000,1.98,188,6.877,-6.45,couvert
Korhogo,CI,2025-04-07 12:51:13,2025-04-07 06:16:25,2025-04-07 18:32:26,39.71,39.58,1007,22,65,10000,2.56,122,9.45,-5.633,nuageux
Man,CI,2025-04-07 12:51:13,2025-04-07 06:25:07,2025-04-07 18:39:05,36.3,38.38,1009,36,54,10000,2.22,192,7.412,-7.554,nuageux
Bissau,GW,2025-04-07 12:51:15,2025-04-07 06:55:01,2025-04-07 19:13:32,31.07,33.8,1011,55,6,8000,3.09,200,11.864,-15.598,ciel dégagé
Bamako,ML,2025-04-07 12:43:36,2025-04-07 06:24:14,2025-04-07 18:43:33,40.23,37.22,1007,10,0,10000,5.14,90,12.65,-8.0,ciel dégagé
Gabú,GW,2025-04-07 12:51:15,2025-04-07 06:49:17,2025-04-07 19:08:14,38.45,37.75,1009,22,14,10000,3.06,231,12.283,-14.217,peu nuageux
Bafatá,GW,2025-04-07 12:51:16,2025-04-07 06:51:28,2025-04-07 19:10:18,37.73,36.75,1009,22,6,10000,3.17,226,12.167,-14.75,ciel dégagé
Cacheu,GW,2025-04-07 12:51:18,2025-04-07 06:57:05,2025-04-07 19:16:01,33.45,32.89,1010,32,46,10000,5.2,210,12.271,-16.166,partiellement nuageux
Bolama,GW,2025-04-07 12:51:18,2025-04-07 06:54:38,2025-04-07 19:12:52,26.28,26.28,1011,65,6,10000,6.88,223,11.583,-15.467,ciel dégagé
Kayes,ML,2025-04-07 12:51:19,2025-04-07 06:37:01,2025-04-07 18:58:14,42.0,38.28,1007,7,0,10000,4.71,110,14.442,-11.434,ciel dégagé
Kidal,ML,2025-04-07 12:51:19,2025-04-07 05:43:30,2025-04-07 18:09:02,37.44,34.47,1008,9,0,10000,7.98,316,18.441,1.408,ciel dégagé
Koulikoro,ML,2025-04-07 12:51:20,2025-04-07 06:22:22,2025-04-07 18:41:54,41.67,37.99,1006,7,20,10000,3.95,99,12.863,-7.56,peu nuageux
Mopti,ML,2025-04-07 12:51:21,2025-04-07 06:08:02,2025-04-07 18:29:18,41.03,38.23,1006,11,0,10000,6.17,40,14.493,-4.194,ciel dégagé
Ségou,ML,2025-04-07 12:42:34,2025-04-07 06:16:41,2025-04-07 18:36:49,41.61,37.94,1006,7,18,10000,5.49,106,13.432,-6.216,peu nuageux
Niamey,NE,2025-04-07 12:51:22,2025-04-07 05:43:21,2025-04-07 18:03:34,41.16,38.37,1006,11,11,8000,3.09,280,13.514,2.11,peu nuageux
Zinder,NE,2025-04-07 12:51:26,2025-04-07 05:15:42,2025-04-07 17:36:12,40.98,37.39,1006,7,0,10000,2.57,270,13.807,8.988,ciel dégagé
Maradi,NE,2025-04-07 12:51:26,2025-04-07 05:23:24,2025-04-07 17:43:35,41.12,39.98,1006,17,0,10000,4.12,280,13.5,7.102,ciel dégagé
Agadez,NE,2025-04-07 12:51:26,2025-04-07 05:07:24,2025-04-07 17:34:24,37.08,34.09,1006,8,0,10000,6.9,291,19.75,10.25,ciel dégagé
Tahoua,NE,2025-04-07 12:51:28,2025-04-07 05:30:00,2025-04-07 17:51:39,40.99,37.24,1005,6,0,10000,2.06,20,14.889,5.269,ciel dégagé
Dosso,NE,2025-04-07 12:51:28,2025-04-07 05:39:16,2025-04-07 17:58:59,41.83,38.35,1005,8,10,10000,0.21,166,13.049,3.194,ciel dégagé
Dakar,SN,2025-04-07 12:51:30,2025-04-07 07:00:54,2025-04-07 19:22:25,24.07,24.1,1011,60,0,10000,5.14,320,14.694,-17.444,ciel dégagé
Saint-Louis,SN,2025-04-07 12:51:32,2025-04-07 06:56:23,2025-04-07 19:19:18,29.99,31.19,1010,51,0,10000,3.09,320,16.018,-16.49,ciel dégagé
Thiès,SN,2025-04-07 12:51:32,2025-04-07 06:59:29,2025-04-07 19:21:08,33.36,32.94,1010,33,0,10000,5.66,350,14.834,-17.106,ciel dégagé
Kaolack,SN,2025-04-07 12:51:32,2025-04-07 06:56:25,2025-04-07 19:17:22,38.03,35.1,1008,10,2,10000,4.62,49,14.182,-16.253,ciel dégagé
Ziguinchor,SN,2025-04-07 12:51:33,2025-04-07 06:57:20,2025-04-07 19:16:36,34.11,39.34,1009,52,0,10000,3.09,200,12.583,-16.272,ciel dégagé
Tambacounda,SN,2025-04-07 12:51:33,2025-04-07 06:46:41,2025-04-07 19:07:10,34.03,36.29,1008,43,0,10000,2.06,280,13.754,-13.759,ciel dégagé
Lomé,TG,2025-04-07 12:51:33,2025-04-07 05:50:42,2025-04-07 18:03:24,32.09,39.09,1009,70,40,10000,5.66,200,6.138,1.212,partiellement nuageux
Sokodé,TG,2025-04-07 12:51:34,2025-04-07 05:49:36,2025-04-07 18:05:08,33.84,38.72,1007,52,75,10000,2.06,80,8.983,1.133,nuageux
Kara,TG,2025-04-07 12:51:34,2025-04-07 05:49:06,2025-04-07 18:05:13,34.03,31.83,1007,18,100,10000,2.03,84,9.551,1.186,couvert
Atakpamé,TG,2025-04-07 12:51:34,2025-04-07 05:50:20,2025-04-07 18:04:24,36.68,38.11,1008,33,69,10000,3.16,144,7.533,1.133,nuageux
Kpalimé,TG,2025-04-07 12:51:35,2025-04-07 05:52:38,2025-04-07 18:06:05,36.16,39.47,1008,40,49,10000,2.37,146,6.9,0.633,partiellement nuageux
Tsévié,TG,2025-04-07 12:51:35,2025-04-07 05:50:33,2025-04-07 18:03:32,31.49,32.25,1008,44,93,10000,5.7,167,6.426,1.213,couvert
Cotonou,BJ,2025-04-07 14:58:04,2025-04-07 05:45:46,2025-04-07 17:58:41,31.99,38.99,1008,70,40,10000,5.66,230,6.365,2.418,partiellement nuageux
Porto Novo,BJ,2025-04-07 14:58:05,2025-04-07 05:44:58,2025-04-07 17:58:00,31.9,37.14,1008,61,100,10000,4.23,196,6.497,2.604,couvert
Parakou,BJ,2025-04-07 14:58:06,2025-04-07 05:43:26,2025-04-07 17:59:20,39.68,38.64,1005,19,100,10000,2.21,144,9.337,2.63,couvert
Abomey-Calavi,BJ,2025-04-07 14:58:07,2025-04-07 05:45:59,2025-04-07 17:58:58,31.92,38.92,1008,70,40,10000,5.66,230,6.449,2.356,partiellement nuageux
Djougou,BJ,2025-04-07 14:58:07,2025-04-07 05:47:06,2025-04-07 18:03:22,39.65,37.83,1005,16,94,10000,3.74,110,9.709,1.666,couvert
Kétou,BJ,2025-04-07 14:58:08,2025-04-07 05:44:33,2025-04-07 17:58:27,34.73,38.27,1007,45,100,10000,3.41,167,7.363,2.6,couvert
Ouagadougou,BF,2025-04-07 14:57:54,2025-04-07 05:58:34,2025-04-07 18:17:34,41.03,39.26,1004,15,0,10000,4.12,70,12.364,-1.538,ciel dégagé
Bobo-Dioulasso,BF,2025-04-07 14:56:49,2025-04-07 06:10:11,2025-04-07 18:27:58,39.25,39.85,1005,25,20,10000,2.06,70,11.177,-4.298,peu nuageux
Banfora,BF,2025-04-07 14:58:10,2025-04-07 06:12:21,2025-04-07 18:29:34,41.62,39.99,1004,15,26,10000,2.47,108,10.633,-4.767,partiellement nuageux
Dédougou,BF,2025-04-07 14:58:11,2025-04-07 06:06:12,2025-04-07 18:25:19,42.07,39.06,1004,10,66,10000,2.91,76,12.467,-3.467,nuageux
Tenkodogo,BF,2025-04-07 14:58:12,2025-04-07 05:54:11,2025-04-07 18:12:35,41.11,38.55,1004,12,34,10000,1.92,56,11.78,-0.37,partiellement nuageux
Koudougou,BF,2025-04-07 14:58:13,2025-04-07 06:01:55,2025-04-07 18:20:49,41.32,38.53,1004,11,7,10000,2.69,48,12.25,-2.367,ciel dégagé
Abidjan,CI,2025-04-07 14:58:13,2025-04-07 06:12:02,2025-04-07 18:23:55,30.98,37.98,1009,74,20,10000,5.14,250,5.309,-4.02,peu nuageux
Yamoussoukro,CI,2025-04-07 14:58:17,2025-04-07 06:16:19,2025-04-07 18:29:41,32.94,38.67,1006,58,75,10000,2.06,230,6.821,-5.277,nuageux
Bouaké,CI,2025-04-07 14:58:19,2025-04-07 06:14:52,2025-04-07 18:29:06,32.06,36.62,1006,58,75,10000,3.09,200,7.689,-5.022,nuageux
Daloa,CI,2025-04-07 14:58:20,2025-04-07 06:20:58,2025-04-07 18:34:25,38.4,38.82,1006,26,90,10000,1.91,169,6.877,-6.45,couvert
Korhogo,CI,2025-04-07 14:58:21,2025-04-07 06:16:25,2025-04-07 18:32:26,40.74,39.78,1005,18,33,10000,2.73,118,9.45,-5.633,partiellement nuageux
Man,CI,2025-04-07 14:58:21,2025-04-07 06:25:07,2025-04-07 18:39:05,37.95,38.4,1006,27,29,10000,2.51,136,7.412,-7.554,partiellement nuageux
Bissau,GW,2025-04-07 14:58:22,2025-04-07 06:55:01,2025-04-07 19:13:32,33.07,36.14,1009,49,13,9000,3.6,200,11.864,-15.598,peu nuageux
Bamako,ML,2025-04-07 14:56:32,2025-04-07 06:24:14,2025-04-07 18:43:33,42.23,38.96,1005,9,0,10000,4.12,110,12.65,-8.0,ciel dégagé
Gabú,GW,2025-04-07 14:58:23,2025-04-07 06:49:17,2025-04-07 19:08:14,40.84,39.61,1006,17,8,10000,2.8,238,12.283,-14.217,ciel dégagé
Bafatá,GW,2025-04-07 14:58:23,2025-04-07 06:51:28,2025-04-07 19:10:18,39.84,38.58,1007,18,5,10000,3.62,242,12.167,-14.75,ciel dégagé
Cacheu,GW,2025-04-07 14:58:24,2025-04-07 06:57:05,2025-04-07 19:16:01,33.73,33.1,1009,31,24,10000,5.49,210,12.271,-16.166,peu nuageux
Bolama,GW,2025-04-07 14:58:24,2025-04-07 06:54:38,2025-04-07 19:12:52,25.87,26.26,1010,67,7,10000,6.59,230,11.583,-15.467,ciel dégagé
Kayes,ML,2025-04-07 14:58:25,2025-04-07 06:37:01,2025-04-07 18:58:14,43.19,39.33,1004,7,0,10000,3.17,129,14.442,-11.434,ciel dégagé
Kidal,ML,2025-04-07 14:58:26,2025-04-07 05:43:30,2025-04-07 18:09:02,37.59,34.54,1007,8,0,10000,8.22,307,18.441,1.408,ciel dégagé
Koulikoro,ML,2025-04-07 14:58:27,2025-04-07 06:22:22,2025-04-07 18:41:54,42.48,38.48,1004,6,19,10000,4.09,95,12.863,-7.56,peu nuageux
Mopti,ML,2025-04-07 14:58:28,2025-04-07 06:08:02,2025-04-07 18:29:18,43.03,40.04,1004,10,0,10000,4.12,40,14.493,-4.194,ciel dégagé
Ségou,ML,2025-04-07 14:58:28,2025-04-07 06:16:41,2025-04-07 18:36:49,42.06,38.13,1005,6,13,10000,4.54,93,13.432,-6.216,peu nuageux
Niamey,NE,2025-04-07 14:58:29,2025-04-07 05:43:21,2025-04-07 18:03:34,42.16,38.65,1004,8,0,10000,2.06,0,13.514,2.11,ciel dégagé
Zinder,NE,2025-04-07 14:58:29,2025-04-07 05:15:42,2025-04-07 17:36:12,41.98,38.27,1005,7,0,10000,2.57,30,13.807,8.988,ciel dégagé
Maradi,NE,2025-04-07 14:58:30,2025-04-07 05:23:24,2025-04-07 17:43:35,41.12,38.32,1004,11,0,10000,3.09,280,13.5,7.102,ciel dégagé
Agadez,NE,2025-04-07 14:57:40,2025-04-07 05:07:24,2025-04-07 17:34:24,37.63,34.57,1004,8,0,10000,9.56,276,19.75,10.25,ciel dégagé
Tahoua,NE,2025-04-07 14:58:32,2025-04-07 05:30:00,2025-04-07 17:51:39,40.99,37.58,1004,8,0,10000,1.54,40,14.889,5.269,ciel dégagé
Dosso,NE,2025-04-07 14:58:32,2025-04-07 05:39:16,2025-04-07 17:58:59,42.02,38.3,1004,7,49,10000,0.41,59,13.049,3.194,partiellement nuageux
Dakar,SN,2025-04-07 14:58:33,2025-04-07 07:00:54,2025-04-07 19:22:25,24.07,24.2,1009,64,0,10000,5.14,320,14.694,-17.444,ciel dégagé
Saint-Louis,SN,2025-04-07 14:58:33,2025-04-07 06:56:23,2025-04-07 19:19:18,29.99,31.19,1008,51,0,10000,4.12,0,16.018,-16.49,ciel dégagé
Thiès,SN,2025-04-07 14:58:33,2025-04-07 06:59:29,2025-04-07 19:21:08,35.36,35.42,1008,31,0,10000,7.72,360,14.834,-17.106,ciel dégagé
Kaolack,SN,2025-04-07 14:58:36,2025-04-07 06:56:25,2025-04-07 19:17:22,42.58,39.04,1006,8,2,10000,3.52,73,14.182,-16.253,ciel dégagé
Ziguinchor,SN,2025-04-07 14:58:37,2025-04-07 06:57:20,2025-04-07 19:16:36,37.11,44.11,1008,47,0,10000,4.12,200,12.583,-16.272,ciel dégagé
Tambacounda,SN,2025-04-07 14:58:38,2025-04-07 06:46:41,2025-04-07 19:07:10,38.03,39.5,1006,30,0,10000,2.06,150,13.754,-13.759,ciel dégagé
Lomé,TG,2025-04-07 14:58:39,2025-04-07 05:50:42,2025-04-07 18:03:24,32.09,39.09,1008,66,20,10000,5.66,210,6.138,1.212,peu nuageux
Sokodé,TG,2025-04-07 14:58:39,2025-04-07 05:49:36,2025-04-07 18:05:08,39.41,38.28,1005,19,99,10000,2.91,118,8.983,1.133,couvert
Kara,TG,2025-04-07 14:58:42,2025-04-07 05:49:06,2025-04-07 18:05:13,37.03,34.79,1004,16,85,10000,2.72,89,9.551,1.186,couvert
Atakpamé,TG,2025-04-07 14:58:43,2025-04-07 05:50:20,2025-04-07 18:04:24,37.62,37.88,1006,27,85,10000,3.09,122,7.533,1.133,couvert
Kpalimé,TG,2025-04-07 14:58:43,2025-04-07 05:52:38,2025-04-07 18:06:05,35.02,37.56,1007,41,51,10000,4.71,149,6.9,0.633,nuageux
Tsévié,TG,2025-04-07 14:58:44,2025-04-07 05:50:33,2025-04-07 18:03:32,31.49,32.44,1007,45,89,10000,5.15,166,6.426,1.213,couvert
Littoral Department,BJ,2025-04-07 20:46:05,2025-04-07 05:45:46,2025-04-07 17:58:41,29.99,36.99,1010,79,40,10000,5.66,220,6.365,2.418,partiellement nuageux
Porto Novo,BJ,2025-04-07 20:46:07,2025-04-07 05:44:58,2025-04-07 17:58:00,29.9,36.29,1010,76,100,10000,4.67,195,6.497,2.604,couvert
Parakou,BJ,2025-04-07 20:46:08,2025-04-07 05:43:26,2025-04-07 17:59:20,30.93,31.77,1009,46,84,10000,3.81,195,9.337,2.63,nuageux
Abomey-Calavi,BJ,2025-04-07 20:46:15,2025-04-07 05:45:59,2025-04-07 17:58:58,29.92,36.92,1010,79,40,10000,5.66,220,6.449,2.356,partiellement nuageux
Djougou,BJ,2025-04-07 20:46:16,2025-04-07 05:47:06,2025-04-07 18:03:22,32.53,31.7,1009,32,80,10000,3.26,187,9.709,1.666,nuageux
Kétou,BJ,2025-04-07 20:46:16,2025-04-07 05:44:33,2025-04-07 17:58:27,27.79,30.64,1010,73,100,10000,3.77,185,7.363,2.6,couvert
Ouagadougou,BF,2025-04-07 20:46:17,2025-04-07 05:58:33,2025-04-07 18:17:33,34.07,31.79,1008,17,19,8000,0.51,60,12.364,-1.538,peu nuageux
Bobo-Dioulasso,BF,2025-04-07 20:46:18,2025-04-07 06:10:12,2025-04-07 18:27:59,35.18,34.52,1008,28,20,10000,1.54,130,11.177,-4.298,peu nuageux
Banfora,BF,2025-04-07 20:46:19,2025-04-07 06:12:21,2025-04-07 18:29:34,34.65,32.89,1007,22,27,10000,1.68,49,10.633,-4.767,partiellement nuageux
Dédougou,BF,2025-04-07 20:46:19,2025-04-07 06:06:12,2025-04-07 18:25:19,34.52,32.0,1007,13,26,10000,2.32,77,12.467,-3.467,partiellement nuageux
Tenkodogo,BF,2025-04-07 20:46:20,2025-04-07 05:54:11,2025-04-07 18:12:35,35.23,33.3,1008,20,11,10000,2.3,174,11.78,-0.37,peu nuageux
Koudougou,BF,2025-04-07 20:46:22,2025-04-07 06:01:55,2025-04-07 18:20:49,35.35,32.68,1007,11,60,10000,4.09,54,12.25,-2.367,nuageux
Abidjan,CI,2025-04-07 20:46:22,2025-04-07 06:12:02,2025-04-07 18:23:55,27.98,34.4,1010,94,20,10000,4.12,220,5.309,-4.02,peu nuageux
Yamoussoukro,CI,2025-04-07 20:46:23,2025-04-07 06:16:19,2025-04-07 18:29:41,28.81,33.04,1010,74,0,10000,2.06,190,6.821,-5.277,légère pluie
Bouaké,CI,2025-04-07 20:46:23,2025-04-07 06:14:52,2025-04-07 18:29:06,31.06,34.48,1008,58,20,8000,3.09,180,7.689,-5.022,peu nuageux
Daloa,CI,2025-04-07 20:46:24,2025-04-07 06:20:58,2025-04-07 18:34:25,27.07,28.8,1010,68,71,10000,2.56,189,6.877,-6.45,nuageux
Korhogo,CI,2025-04-07 20:46:26,2025-04-07 06:16:25,2025-04-07 18:32:26,32.51,31.16,1008,28,71,10000,1.38,187,9.45,-5.633,nuageux
Man,CI,2025-04-07 20:46:27,2025-04-07 06:25:07,2025-04-07 18:39:05,24.9,25.64,1011,84,76,10000,1.04,244,7.412,-7.554,nuageux
Bissau,GW,2025-04-07 20:46:27,2025-04-07 06:55:01,2025-04-07 19:13:32,23.99,24.48,1010,78,0,10000,6.41,214,11.864,-15.598,ciel dégagé
Bamako,ML,2025-04-07 20:44:03,2025-04-07 06:24:14,2025-04-07 18:43:33,34.23,31.83,1008,15,1,8000,2.57,60,12.65,-8.0,ciel dégagé
Gabú,GW,2025-04-07 20:46:28,2025-04-07 06:49:17,2025-04-07 19:08:14,30.23,29.72,1008,38,0,10000,4.45,237,12.283,-14.217,ciel dégagé
Bafatá,GW,2025-04-07 20:46:31,2025-04-07 06:51:28,2025-04-07 19:10:18,26.82,27.48,1009,54,0,10000,4.61,238,12.167,-14.75,ciel dégagé
Cacheu,GW,2025-04-07 20:46:33,2025-04-07 06:57:05,2025-04-07 19:16:01,22.33,22.73,1010,81,1,10000,3.63,219,12.271,-16.166,ciel dégagé
Bolama,GW,2025-04-07 20:46:35,2025-04-07 06:54:38,2025-04-07 19:12:52,24.15,24.68,1010,79,0,10000,6.93,212,11.583,-15.467,ciel dégagé
Kayes,ML,2025-04-07 20:46:35,2025-04-07 06:37:01,2025-04-07 18:58:14,37.23,34.35,1007,10,0,10000,1.86,210,14.442,-11.434,ciel dégagé
Kidal,ML,2025-04-07 20:46:38,2025-04-07 05:43:30,2025-04-07 18:09:02,29.48,27.79,1011,7,0,10000,4.59,357,18.441,1.408,ciel dégagé
Koulikoro,ML,2025-04-07 20:46:39,2025-04-07 06:22:22,2025-04-07 18:41:54,32.74,30.39,1008,12,0,10000,2.25,51,12.863,-7.56,ciel dégagé
Mopti,ML,2025-04-07 20:46:41,2025-04-07 06:08:02,2025-04-07 18:29:18,34.6,31.98,1008,10,4,10000,3.78,53,14.493,-4.194,ciel dégagé
Ségou,ML,2025-04-07 20:46:42,2025-04-07 06:16:41,2025-04-07 18:36:49,35.53,32.8,1007,10,0,10000,2.91,103,13.432,-6.216,ciel dégagé
Niamey,NE,2025-04-07 20:46:42,2025-04-07 05:43:21,2025-04-07 18:03:34,37.16,34.46,1007,12,4,6000,2.06,20,13.514,2.11,ciel dégagé
Zinder,NE,2025-04-07 20:46:43,2025-04-07 05:15:42,2025-04-07 17:36:12,30.65,28.68,1009,9,68,10000,2.71,242,13.807,8.988,nuageux
Maradi,NE,2025-04-07 20:46:43,2025-04-07 05:23:24,2025-04-07 17:43:35,31.41,29.27,1009,11,66,10000,3.21,164,13.5,7.102,nuageux
Agadez,NE,2025-04-07 20:46:44,2025-04-07 05:07:24,2025-04-07 17:34:24,27.72,26.39,1010,5,0,10000,5.06,305,19.75,10.25,ciel dégagé
Tahoua,NE,2025-04-07 20:46:45,2025-04-07 05:30:00,2025-04-07 17:51:39,31.32,29.19,1009,13,6,10000,4.42,12,14.889,5.269,ciel dégagé
Dosso,NE,2025-04-07 20:46:46,2025-04-07 05:39:16,2025-04-07 17:58:59,33.06,30.73,1008,15,1,10000,2.68,158,13.049,3.194,ciel dégagé
Dakar,SN,2025-04-07 20:46:50,2025-04-07 07:00:54,2025-04-07 19:22:25,22.07,22.37,1010,78,0,10000,5.14,320,14.694,-17.444,ciel dégagé
Léona,SN,2025-04-07 20:46:50,2025-04-07 06:56:23,2025-04-07 19:19:18,21.99,22.15,1010,73,0,10000,5.14,340,16.018,-16.49,ciel dégagé
Thiès,SN,2025-04-07 20:46:52,2025-04-07 06:59:29,2025-04-07 19:21:08,23.36,23.53,1010,68,0,10000,8.23,350,14.834,-17.106,ciel dégagé
Kaolack,SN,2025-04-07 20:46:52,2025-04-07 06:56:25,2025-04-07 19:17:22,26.92,26.66,1010,37,5,10000,3.91,304,14.182,-16.253,ciel dégagé
Ziguinchor,SN,2025-04-07 20:46:53,2025-04-07 06:57:20,2025-04-07 19:16:36,28.11,29.73,1010,61,0,10000,2.06,220,12.583,-16.272,ciel dégagé
Tambacounda,SN,2025-04-07 20:46:53,2025-04-07 06:46:41,2025-04-07 19:07:10,37.03,38.41,1007,32,0,10000,3.09,200,13.754,-13.759,ciel dégagé
Lomé,TG,2025-04-07 20:46:54,2025-04-07 05:50:42,2025-04-07 18:03:24,29.09,35.91,1011,84,20,10000,4.12,200,6.138,1.212,peu nuageux
Sokodé,TG,2025-04-07 20:46:55,2025-04-07 05:49:36,2025-04-07 18:05:08,29.88,29.78,1009,42,98,10000,2.36,157,8.983,1.133,couvert
Kara,TG,2025-04-07 20:46:56,2025-04-07 05:49:06,2025-04-07 18:05:13,32.01,31.07,1009,32,23,10000,2.7,125,9.551,1.186,peu nuageux
Atakpamé,TG,2025-04-07 20:46:57,2025-04-07 05:50:20,2025-04-07 18:04:24,27.03,28.82,1010,69,57,10000,4.63,196,7.533,1.133,nuageux
Kpalimé,TG,2025-04-07 20:46:57,2025-04-07 05:52:38,2025-04-07 18:06:05,25.55,26.3,1012,82,77,10000,1.37,181,6.9,0.633,légère pluie
Tsévié,TG,2025-04-07 20:46:58,2025-04-07 05:50:33,2025-04-07 18:03:32,28.49,32.13,1011,73,96,10000,3.98,193,6.426,1.213,couvert
Cotonou,BJ,2025-04-07 21:07:38,2025-04-07 05:45:46,2025-04-07 17:58:41,28.43,33.2,1010,80,100,10000,7.28,190,6.365,2.418,couvert
Porto Novo,BJ,2025-04-07 21:07:42,2025-04-07 05:44:58,2025-04-07 17:58:00,28.25,32.07,1010,76,100,10000,4.67,195,6.497,2.604,couvert
Parakou,BJ,2025-04-07 21:07:43,2025-04-07 05:43:26,2025-04-07 17:59:20,30.93,31.77,1009,46,84,10000,3.81,195,9.337,2.63,nuageux
Abomey-Calavi,BJ,2025-04-07 21:07:43,2025-04-07 05:45:59,2025-04-07 17:58:58,28.31,32.55,1010,78,100,10000,5.42,192,6.449,2.356,couvert
Djougou,BJ,2025-04-07 21:07:44,2025-04-07 05:47:06,2025-04-07 18:03:22,32.53,31.7,1009,32,80,10000,3.26,187,9.709,1.666,nuageux
Kétou,BJ,2025-04-07 21:07:44,2025-04-07 05:44:33,2025-04-07 17:58:27,27.79,30.64,1010,73,100,10000,3.77,185,7.363,2.6,couvert
Ouagadougou,BF,2025-04-07 21:07:44,2025-04-07 05:58:33,2025-04-07 18:17:33,33.98,31.48,1008,12,19,10000,2.77,71,12.364,-1.538,peu nuageux
Bobo-Dioulasso,BF,2025-04-07 21:05:33,2025-04-07 06:10:11,2025-04-07 18:27:59,35.25,34.62,1008,28,20,10000,1.54,130,11.177,-4.298,peu nuageux
Banfora,BF,2025-04-07 21:07:46,2025-04-07 06:12:21,2025-04-07 18:29:34,34.65,32.89,1007,22,27,10000,1.68,49,10.633,-4.767,partiellement nuageux
Dédougou,BF,2025-04-07 21:07:47,2025-04-07 06:06:12,2025-04-07 18:25:19,34.52,32.0,1007,13,26,10000,2.32,77,12.467,-3.467,partiellement nuageux
Tenkodogo,BF,2025-04-07 21:07:48,2025-04-07 05:54:11,2025-04-07 18:12:35,35.23,33.3,1008,20,11,10000,2.3,174,11.78,-0.37,peu nuageux
Koudougou,BF,2025-04-07 21:07:49,2025-04-07 06:01:55,2025-04-07 18:20:49,35.35,32.68,1007,11,60,10000,4.09,54,12.25,-2.367,nuageux
Abidjan,CI,2025-04-07 21:07:49,2025-04-07 06:12:02,2025-04-07 18:23:55,27.98,34.4,1010,94,20,10000,3.09,230,5.309,-4.02,peu nuageux
Yamoussoukro,CI,2025-04-07 21:07:49,2025-04-07 06:16:19,2025-04-07 18:29:41,28.81,33.04,1010,74,81,10000,2.67,177,6.821,-5.277,légère pluie
Bouaké,CI,2025-04-07 21:07:52,2025-04-07 06:14:52,2025-04-07 18:29:06,30.34,30.22,1008,41,83,10000,2.5,190,7.689,-5.022,nuageux
Daloa,CI,2025-04-07 21:07:52,2025-04-07 06:20:58,2025-04-07 18:34:25,27.07,28.8,1010,68,71,10000,2.56,189,6.877,-6.45,nuageux
Korhogo,CI,2025-04-07 21:07:54,2025-04-07 06:16:25,2025-04-07 18:32:26,32.51,31.16,1008,28,71,10000,1.38,187,9.45,-5.633,nuageux
Man,CI,2025-04-07 21:07:54,2025-04-07 06:25:07,2025-04-07 18:39:05,24.9,25.64,1011,84,76,10000,1.04,244,7.412,-7.554,nuageux
Bissau,GW,2025-04-07 21:07:55,2025-04-07 06:55:01,2025-04-07 19:13:32,23.99,24.48,1010,78,0,10000,6.41,214,11.864,-15.598,ciel dégagé
Bamako,ML,2025-04-07 21:07:56,2025-04-07 06:24:14,2025-04-07 18:43:33,34.23,31.83,1008,15,1,8000,2.57,60,12.65,-8.0,ciel dégagé
Gabú,GW,2025-04-07 21:07:57,2025-04-07 06:49:17,2025-04-07 19:08:14,30.23,29.72,1008,38,0,10000,4.45,237,12.283,-14.217,ciel dégagé
Bafatá,GW,2025-04-07 21:07:57,2025-04-07 06:51:28,2025-04-07 19:10:18,26.82,27.48,1009,54,0,10000,4.61,238,12.167,-14.75,ciel dégagé
Cacheu,GW,2025-04-07 21:07:59,2025-04-07 06:57:05,2025-04-07 19:16:01,22.33,22.73,1010,81,1,10000,3.63,219,12.271,-16.166,ciel dégagé
Bolama,GW,2025-04-07 21:08:01,2025-04-07 06:54:38,2025-04-07 19:12:52,24.15,24.68,1010,79,0,10000,6.93,212,11.583,-15.467,ciel dégagé
Kayes,ML,2025-04-07 21:08:01,2025-04-07 06:37:01,2025-04-07 18:58:14,37.23,34.35,1007,10,0,10000,1.86,210,14.442,-11.434,ciel dégagé
Kidal,ML,2025-04-07 21:08:02,2025-04-07 05:43:30,2025-04-07 18:09:02,29.48,27.79,1011,7,0,10000,4.59,357,18.441,1.408,ciel dégagé
Koulikoro,ML,2025-04-07 21:08:02,2025-04-07 06:22:22,2025-04-07 18:41:54,32.74,30.39,1008,12,0,10000,2.25,51,12.863,-7.56,ciel dégagé
Mopti,ML,2025-04-07 21:08:02,2025-04-07 06:08:02,2025-04-07 18:29:18,34.6,31.98,1008,10,4,10000,3.78,53,14.493,-4.194,ciel dégagé
Ségou,ML,2025-04-07 20:58:36,2025-04-07 06:16:43,2025-04-07 18:36:51,35.53,32.8,1007,10,0,10000,2.91,103,13.432,-6.216,ciel dégagé
Niamey,NE,2025-04-07 21:08:03,2025-04-07 05:43:21,2025-04-07 18:03:34,34.33,31.74,1007,10,4,10000,1.58,79,13.514,2.11,ciel dégagé
Zinder,NE,2025-04-07 21:08:04,2025-04-07 05:15:42,2025-04-07 17:36:12,30.65,28.68,1009,9,68,10000,2.71,242,13.807,8.988,nuageux
Maradi,NE,2025-04-07 21:08:04,2025-04-07 05:23:24,2025-04-07 17:43:35,31.41,29.27,1009,11,66,10000,3.21,164,13.5,7.102,nuageux
Agadez,NE,2025-04-07 21:08:06,2025-04-07 05:07:24,2025-04-07 17:34:24,27.72,26.39,1010,5,0,10000,5.06,305,19.75,10.25,ciel dégagé
Tahoua,NE,2025-04-07 21:08:10,2025-04-07 05:30:00,2025-04-07 17:51:39,31.32,29.19,1009,13,6,10000,4.42,12,14.889,5.269,ciel dégagé
Dosso,NE,2025-04-07 21:08:10,2025-04-07 05:39:16,2025-04-07 17:58:59,33.06,30.73,1008,15,1,10000,2.68,158,13.049,3.194,ciel dégagé
Dakar,SN,2025-04-07 21:08:10,2025-04-07 07:00:54,2025-04-07 19:22:25,21.6,21.85,1010,78,2,10000,6.83,346,14.694,-17.444,ciel dégagé
Saint-Louis,SN,2025-04-07 21:08:11,2025-04-07 06:56:23,2025-04-07 19:19:18,20.55,20.44,1010,68,5,10000,8.76,347,16.018,-16.49,ciel dégagé
Thiès,SN,2025-04-07 21:08:12,2025-04-07 06:59:29,2025-04-07 19:21:08,23.36,23.53,1010,68,0,10000,8.23,350,14.834,-17.106,ciel dégagé
Kaolack,SN,2025-04-07 21:08:13,2025-04-07 06:56:25,2025-04-07 19:17:22,26.92,26.66,1010,37,5,10000,3.91,304,14.182,-16.253,ciel dégagé
Ziguinchor,SN,2025-04-07 21:08:13,2025-04-07 06:57:20,2025-04-07 19:16:36,24.08,24.32,1010,68,1,10000,3.7,224,12.583,-16.272,ciel dégagé
Tambacounda,SN,2025-04-07 21:08:14,2025-04-07 06:46:41,2025-04-07 19:07:10,36.32,34.28,1007,18,1,10000,1.69,219,13.754,-13.759,ciel dégagé
Lomé,TG,2025-04-07 21:08:14,2025-04-07 05:50:42,2025-04-07 18:03:24,28.62,33.51,1011,79,93,10000,5.26,189,6.138,1.212,couvert
Sokodé,TG,2025-04-07 21:08:15,2025-04-07 05:49:36,2025-04-07 18:05:08,29.88,29.78,1009,42,98,10000,2.36,157,8.983,1.133,couvert
Kara,TG,2025-04-07 21:08:15,2025-04-07 05:49:06,2025-04-07 18:05:13,32.01,31.07,1009,32,23,10000,2.7,125,9.551,1.186,peu nuageux
Atakpamé,TG,2025-04-07 21:08:16,2025-04-07 05:50:20,2025-04-07 18:04:24,27.03,28.82,1010,69,57,10000,4.63,196,7.533,1.133,nuageux
Kpalimé,TG,2025-04-07 21:08:17,2025-04-07 05:52:38,2025-04-07 18:06:05,25.55,26.3,1012,82,77,10000,1.37,181,6.9,0.633,légère pluie
Tsévié,TG,2025-04-07 21:08:18,2025-04-07 05:50:33,2025-04-07 18:03:32,28.11,31.31,1011,73,96,10000,3.98,193,6.426,1.213,couvert
